boundary-coarse	segment-coarse	boundary-fine	segment-fine	sentence
1	1	1	1	Cairo (pronounced KY-roh; Arabic: القاهرة al-Qāhirah) is the capital of Egypt and, with a total population of Greater Cairo metropolitan area in excess of 16 million people, one of the largest cities in both Africa and the Middle East (the regions which it conveniently straddles).
0	1	0	1	It is also the 19th largest city in the world, and among the world's most densely populated cities.
0	1	0	1	On the Nile river, Cairo is famous for its own history, preserved in the fabulous medieval Islamic city and Coptic sites in Old Cairo — with historic Cairo inscribed on the UNESCO World Heritage list.
0	1	0	1	The Egyptian Museum in the city centre is a must see, with its countless Ancient Egyptian artefacts, as is shopping at the Khan al-Khalili bazaar.
0	1	0	1	No trip to Cairo would be complete without a visit to the Giza Pyramids and to the nearby Saqqara Pyramid Complex, where visitors will see Egypt's first step pyramid built by the architect Imhotep for the third dynasty pharaoh Djoser.
0	1	0	1	Though firmly attached to the past, Cairo is also home to a vibrant modern society.
0	1	0	1	The Midan Tahrir area situated in downtown Cairo, built in the 19th century under the rule of Khedive Ismail, has strived to be a "Paris on the Nile".
0	1	0	1	There also are a number of more modern suburbs including Ma'adi and Heliopolis, while Zamalek is a quiet area on Gezira Island, with upmarket shopping.
0	1	0	1	Cairo is best in the fall or spring, when the weather isn't so hot.
0	1	0	1	A felucca ride on the Nile is a good way to escape from the busy city, as is a visit to Al-Azhar Park.
0	1	0	1	Since the revolution in 2011 and the counter-revolution, tourists fled Cairo to a large extent.
0	1	0	1	But by the end of the 2010s, they were returning, however tourism had not recovered fully, so you have an opportunity to see sites like the pyramids with smaller crowds.
0	1	0	1	Greater Cairo is vast; with more than 20 million people (2018), it's the largest metropolitan area in Africa and the Middle East.
0	1	0	1	Cairo is on the Nile, and has ancient origins in the vicinity of the Pharaonic city of Memphis.
0	1	1	2	The city started to take its present form in 641 CE, when the Arab general Amr Ibn Al-Ase conquered Egypt for Islam and founded a new capital called Misr Al-Fustat, "the City of the Tents".
0	1	0	2	The legend is that Al-Ase, on the day he was leaving to conquer Alexandria, found two doves nesting in his tent.
0	1	0	2	Not wanting to disturb them, he left the tent.
0	1	0	2	Upon returning victorious, he called his soldiers to pitch their tents around his, and this became the site of the new city in what is now Old Cairo.
0	1	0	2	The name may have been a pun – Misr/Masr is the Arabic word for city, but it is also the Arabic name of the entire country of Egypt.
0	1	0	2	The Tunisian Fatimid dynasty captured the city in 969 CE and founded a new city, Al-Qahira ("The Victorious") just north of Al-Fustat.
0	1	0	2	Al-Qahira gave the city its English name, Cairo, but the locals still call it MàSr (مصر), which is also the Arabic name of the entire country of Egypt (similar to Mexico City in Mexico).
0	1	1	3	The best time to visit Cairo is during the winter from November to March, when daytime highs mostly stay below 26°C (79°F), with night time lows around 10°C (50°F) with occasional rain showers clearing the air, but still, you do not need an umbrella, even the rainiest months of the year rarely top 10 mm (0.4 in).
0	1	0	3	If visiting during winter, be aware that not all buildings are equipped with heaters, including some hotels and hostels.
0	1	0	3	Visitors should always pack a few warm jumpers (sweaters) and a warm jacket for evening wear.
0	1	0	3	In Cairo, in indoor buildings without air-conditioning, temperatures are about 15°C (59°F) in the coldest winter days and about 34°C (93°F) in the hottest summer days.
0	1	0	3	The brief spring from March to May can be pleasant as long as there are no sand storms, but summer temperatures, on the other hand, can reach a searing 38°C (100°F).
0	1	0	3	In September and October, the period of late summer and early autumn, farmers burn rice husks to ash after sunset near Greater Cairo and this makes the air smokey.
0	1	1	4	Today's Greater Cairo is a city with at least 20 million inhabitants (2018), where skyscrapers and fast food restaurants nestle up to world heritage monuments.
0	1	0	4	Cairo used to be the designated name of the city on the eastern bank of the Nile, and this is where you'll find both the modern Downtown, built under influence of French architecture, today the centre of commerce and popular life, as well as historical Islamic and Coptic sights.
0	1	0	4	Outside the core on the eastern bank, you'll find the modern, more affluent suburbs of Heliopolis and Nasr City near the airport, and Ma'adi to the south.
0	1	0	4	In the middle of the Nile is the island of Gezira and Zamalek, where many embassies exist.
0	1	0	4	On the western bank is lots of modern concrete and business, but also the great Giza pyramids and, further to the south, Memphis and Saqqara.
0	1	0	4	The city might seem like a lot to handle, but give it a try, and you will find that it has a lot to offer for any traveller.
1	2	1	5	Cairo airport has frequent flights from other Egyptian cities, the Gulf states and Levant, and usually daily flights from the European and North African capitals.
0	2	0	5	There are direct flights from Bangkok, Beijing, Guangzhou, Hangzhou, Hong Kong, Mumbai, New York, and Washington but travel from the Far East or North America will usually involve a change.
0	2	0	5	The main operator is EgyptAir (the national carrier) and its Star Alliance partners Aegean, Austrian Airlines, Ethiopian Airlines, Lufthansa[dead link], Swiss, Turkish Airlines.
0	2	0	5	SkyTeam is represented by Air France, Aeroflot, ITA Airways, KLM, Middle East Airlines, Saudia, and TAROM.
0	2	0	5	Oneworld by British Airways, Iberia, Qatar Airways[dead link], and Royal Jordanian.
0	2	0	5	Gulf Carriers include Emirates, Etihad, Middle East Airlines, Oman Air[dead link], and Qatar Airways[dead link], Royal Jordanian, and Saudia.
0	2	0	5	The second largest carrier is NileAir, significantly cheaper than Egyptair, flying from the Gulf countries, and a few destinations in Europe (Germany, Italy, ...).
0	2	0	5	There are also budget carriers Air Arabia, Air Cairo [dead link], flyEgypt and flynas.
0	2	0	5	The airport has three terminals.
0	2	0	5	EgyptAir and all Star Alliance members (Lufthansa Group, Singapore Airlines, LOT, etc.) operate all flights to Terminal 3, which is integrated with Terminal 2 (British Airways, Air France, and some others) through an air bridge.
0	2	0	5	Most other airlines arrive at Terminal 1, like Saudia (Terminal 1 Hall 2), and Sky Team, Oneworld, Emirates, and Etihad (Terminal 1 Hall 1).
0	2	0	5	All terminals offer a reasonable variety of duty-free shops and restaurants.
0	2	0	5	In Terminal 1 there are some duty-free shops opposite the gates, with more shops on the first floor.
0	2	0	5	The lounges, a pub, McDonald's and coffee shops such as Starbucks are on the second floor.
0	2	0	5	Terminal 3 has a central market place and food court, plus some shops and cafes along the concourses.
0	2	0	5	There's not much open seating, as most seating is in the gate lounges which only open an hour before departure.
0	2	0	5	This is okay when flights leave on time, but when there are delays the concourse becomes congested while lots of empty seats lie inaccessible beyond the lounge plate-glass.
0	2	0	5	An automated shuttle train runs between Terminal 1 and the Terminals 2/3 airbridge.
0	2	0	5	A free shuttle bus runs to the bus station every 30 minutes, 24 hours a day.
0	2	0	5	The automated people mover (APM) shuttle train is free, clean, and fast.
0	2	0	5	Stations are not inside the terminals.
0	2	0	5	At Terminal 3 its stop is at the arrival level at the end of the bus lane (turn right after the exit).
0	2	0	5	However, in practice, it might stop on the second lane instead.
0	2	0	5	Look around for where the locals are waiting.
0	2	0	5	You have to leave Terminal 3 through the front door and turn right.
0	2	0	5	Walk to the end of the building and turn right again.
0	2	0	5	Then you might need to ascend or descend a ramp, depending on the level you are at (departure or arrival).
0	2	0	5	At the end of the ramp you turn left and you'll get to the station some 50 m ahead, on your left.
0	2	0	5	Signs are not clear at this point, but the APM is working and is very convenient to transit between terminals.)
0	2	0	5	At Terminal 1 you must leave through the main exit and turn left to get to the station.
0	2	0	5	The Shuttle Bus stops are at Hall 3 in front of the AirMall and at Hall 1 at the curbside.
0	2	0	5	The bus stops are not marked.
0	2	0	5	Sometimes you have to change buses at the bus station due to the driver's coffee break.
0	2	0	5	Taxi drivers will try to lure you at the airport by misinforming you about the free shuttle bus, but if you go outside the terminal, you will find it.
0	2	0	5	Visitors are allowed to buy duty-free articles on arrival, up to 4 extra litres of alcohol.
0	2	0	5	At the checkout, a customs official will check your passport and give approval for the purchase.
0	2	0	5	You can be accompanied by the person picking you up.
0	2	0	5	It's fine if you expect to consume what you buy, or treat friends, but there's sometimes a racket where the local person gets you to buy up to your limit on his behalf— he'll pay you fairly for the extra.
0	2	0	5	You should exchange some money in the airport — it is best to do this before going through customs.
0	2	0	5	Get some change in the process (smaller than the usual LE200 notes), as taxi drivers and others will always claim to be unable to give change.
0	2	0	5	ATMs for all major cards are available in the arrival halls.
0	2	0	5	Visas are available before immigration, for US$25.
0	2	0	5	When arriving at terminal 3, everybody immediately starts queuing to buy visas from one of the bank counters on the left side.
0	2	0	5	It seems these banks often don't accept cards or even Egyptian pounds (LE), which is problematic if you arrive with limited hard currency.
0	2	0	5	There's an ATM on the other side of the area in this case, as well as an exchange office that also sells visas, and accepts Egyptian pounds as currency.
0	2	0	5	So just go there to buy the visa, ignoring the bank counters, and avoiding the queues.
0	2	1	6	Getting to downtown Cairo is often a pain.
0	2	0	6	A public bus to Midan Tahrir (read the warnings about the district) or Midan Ramses runs from the airport bus station, which is connected to the terminals by the free Shuttle Bus.
0	2	0	6	The services definitely running in 2018 are the 356 (٣٥٦) and 111 (١١١, direction Shobra, passes by Midan Ramses), LE8.
0	2	0	6	These run every 30 minutes and take 60–90 min depending on traffic.
0	2	0	6	Buses 27 (٢٧) and 400 (٤٠٠) may also run.
0	2	0	6	Try asking at the station (by explaining where you want to go), but avoid the notorious (non-A/C) green buses.
0	2	0	6	Buses from downtown to the airport run from the bus terminal just north of the Egyptian Museum (under the highway bridge).
0	2	0	6	If the stop's not obvious, ask for the airport or in Arabic the word is "matar" (مطار).
0	2	0	6	Scheduled buses no longer run directly from the airport to Alexandria or other delta cities.
0	2	1	7	Either negotiate a taxi transfer or go downtown for onward transport.
0	2	0	7	White meter taxis are available at the terminals.
0	2	0	7	The basic fee is LE2.50 plus LE1.25 per kilometre.
0	2	0	7	Insist on using the meter.
0	2	0	7	Do not accept a fixed price as this tends to be double the fare by meter.
0	2	0	7	Report taxi drivers who refuse to use the meter to Airport Security or Tourist Police.
0	2	0	7	Refuse to pay the "ticket" (LE10 airport parking fee) for the driver.
0	2	0	7	If you are going to downtown Cairo, you may be able to share a taxi with other tourists or backpackers.
0	2	0	7	Have small notes available, mostly the taxi driver will claim not to have any change, but they actually do have.
0	2	0	7	Another option is to use transportation arranged by your hotel or hostel, though this service is often not complimentary.
0	2	0	7	Most Egyptians who can afford it use Uber taxis, as they have fixed rates.
0	2	0	7	From the beginning of Al-Haram (Giza area around the pyramids) to the airport costs LE200-300, depending on the time and type of car (Jan 2023).
0	2	0	7	Careem is also readily available, prices might be a bit cheaper than Uber, to downtown Cairo, cost was around LE150 (November 2023)
0	2	0	7	There are numerous limousine services.
0	2	0	7	Pick-up points are in front of the terminals (curbside).
0	2	0	7	The prices are fixed depending on the destination and the car category.
0	2	0	7	Category A is luxury limousines (Mercedes-Benz E-Class), Category B are Micro Buses for up to 7 passengers and Category C are mid-sized cars (e.g. Mitsubishi Lancer).
0	2	0	7	London Taxis are available from Sixt as a new Category D.
0	2	0	7	The price list (as of 2011):
0	2	0	7	There is a planned metro Line 3 extension to the airport, but construction has not started as of Jan 2023.
0	2	1	8	When returning to the airport from downtown, allow at least two hours to get here, and 3 hours from Giza, as the roads can be very congested.
0	2	0	8	The new airport road connects the airport with the intersection of the Ring Road and Suez Road and has no traffic jams.
0	2	0	8	If you depart on Friday morning or mid-day, the trip to the airport will be quick, as roads are deserted while people go to the mosque for Friday prayers.
0	2	0	8	Upon arriving, you must pass through a security checkpoint before you can access the ticketing & check-in area.
0	2	0	8	You'll need a printout of your itinerary or ticket to show the security staff here.
0	2	0	8	After checking-in you will pass through a second checkpoint (including passport control) to get airside, then there's a third just before boarding your aircraft - only then can you restock on water.
0	2	0	8	Allow plenty of time for all this, as lines can be long.
0	2	0	8	There is no left-luggage room at the airport.
0	2	0	8	The airport is on the north-eastern outskirts of the city at Heliopolis.
0	2	0	8	If you want to spend the night at the airport, there are three hotels available:
0	2	0	8	There are other lodging options in nearby Heliopolis.
0	2	0	8	Other airports: Borg el Arab (HBE IATA) near Alexandria has far fewer flights and poor ground connections.
0	2	0	8	Sphinx International Airport (SPX IATA) near Giza opened in 2020 but has no flights.
0	2	1	9	Learn Eastern Arabic numerals
0	2	0	9	Eastern Arabic numerals, instead of Arabic-Hindu numerals as used in the west, are used to indicate train numbers, departure times, seat numbers, and other key information.
0	2	0	9	So even if you can't read Arabic letters, you should be able to find your platform and coach.
0	2	0	9	You'll also be able to check that the total on bills corresponds with what you're being asked to pay.
0	2	0	9	Cairo is the hub for railways in Egypt, almost all trains start and terminate here.
0	2	0	9	The governmental Egyptian National Railways[dead link] (السكك الحديدية المصرية‎), often abbreviated as ENR, operates all trains.
0	2	0	9	One exception is the private company Watania that operates high-end trains between Cairo, Luxor and a few other cities.
0	2	0	9	There are up to 30 departures per day from Alexandria, with the fastest trains called Specials running non-stop at 2 hr 40 min.
0	2	0	9	Express trains are slightly slower at around 3 hours.
0	2	0	9	These trains are clean and comfortable, air-conditioned, and with snacks available.
0	2	0	9	Some will variously refer to these fast trains as "Spanish", "French" or "Turbo" because of their rolling stock.
0	2	0	9	Travelling along the Nile to and from Aswan and Luxor is very popular.
0	2	0	9	At least one daytime and one overnight train per day offers superior quality and is generally recommended for tourists.
0	2	0	9	Journey time is 10 hours from Luxor and another four from Aswan.
0	2	0	9	First class tickets are around LE120 for a seat and US$80 per person for a two-bed sleeping cabin.
0	2	0	9	Ordinary trains ply the same route, some commence in Alexandria, but they are much less comfortable with hard seats and squalid toilets.
0	2	0	9	Lights stay on all night and you'll probably be woken several times for ticket checks.
0	2	0	9	Numerous 3rd and 2nd class trains operates to and from most cities in Lower Egypt and along the Mediterranean coast to and from El Alamein.
0	2	0	9	The most common way of getting tickets is to buy them in advance at stations.
0	2	0	9	However, buying tickets in advance via an booking agent or from Watania assures your seat and avoids hassle at stations.
0	2	0	9	Ordinary 3rd class trains cannot be booked online.
0	2	0	9	You'll have to buy your ticket at the station or just jump aboard and pay on the train.
0	2	0	9	Notice that due to security concerns, ticket offices have sometimes denied tourists a ticket on daytime trains to Luxor and Aswan, claiming that they are only allowed on the more expensive overnight trains.
0	2	0	9	This is bunkum and easily circumvented by buying online.
0	2	0	9	Almost all mainline trains from Cairo run from the main railway station, Ramses.
0	2	0	9	However, in a few years time - around 2023 - a new major station, Bashteel, will be completed.
0	2	0	9	As of 2022, it is not known how it will affect the other stations.
0	2	1	10	Buses connect Cairo with the entire country.
0	2	0	10	The two main stations are Midan Ramses and 30.0589231.237566 Cairo Gateway, (formerly known as Turgoman), but vehicles also sometimes stop at other stations, notably Abbasiya.
0	2	0	10	From Midan Ramses and Cairo Gateway it's a quick LE5 taxi cab ride to downtown, LE7-10 to Zamalek.
0	2	0	10	Cairo Gateway is a new, modern indoor station located approximately 500 m from the Orabi Metro Station, within the new Cairo Gateway Plaza.
0	2	0	10	Destinations:
0	2	0	10	Uncomfortable, but cheap, micro-buses leave from Cairo to a large number of destinations.
0	2	0	10	The main garages are Midan Ramsis (for Alexandria, LE22, and to the delta valley) and Al-Marg metro station (for the north-east and Sinai).
0	2	0	10	They are faster and might as such be an option for shorter trips, but have a terrible toll of accidents.
0	2	0	10	There are also other places these buses leave from depending on your destination, ask locals.
0	2	0	10	At least for the Sinai, foreigners are prohibited to use the micro-bus system.
0	2	0	10	You will find that it's useful to have several maps handy if you are looking to get around Cairo on your own.
0	2	0	10	Spellings of street and place names can vary from map to map and from map to actual location, and not every street will appear on every map.
0	2	1	11	Cairo is home to Africa's first and most expansive metro system.
0	2	0	11	While Cairo's metro system is modern and sleek, the three lines are all too limited in scope.
0	2	0	11	As of December 2022, a single trip ticket ranges from LE5-10, depending on the number of stations covered:
0	2	0	11	It is the most crowded subway in the world, as measured by passengers per track length.
0	2	0	11	If you can deal with the crowding (be extra careful to avoid pickpocketing), it is the best way of avoiding traffic jams while traveling.
0	2	0	11	The key interchanges are Shohadaa (Martyrs) (formerly Mubarak) at Midan Ramses, Sadat at Midan Tahrir (occasionally closed), and Attaba (Ataba; عتبة).
0	2	0	11	You'll need to be assertive (but not stroppy) when trying to buy tickets - Egyptians don't queue.
0	2	0	11	First get your small change ready in a quiet area, so you're not fumbling with wallet and big notes and dropping your passport amidst the crowd.
0	2	0	11	Then steadily press through the crowd to the ticket window, as they are doing.
0	2	0	11	If you intend to make a return or future trip, buy multiple tickets, so you only have to scrummage once.
0	2	0	11	The Cairo Metro has stations in Dokki and Maadi, among other places.
0	2	0	11	To reach the Giza Pyramids, take the metro to Giza town then pick up a bus or taxi for "Al-Haram".
0	2	0	11	You can also reach Heliopolis (Masr el-Gedida) using line 3, at the stations: Al Ahram (Korba) and Koleyet El Banat (Merghani).
0	2	0	11	The extension of this line to the airport is due in 2020.
0	2	0	11	The maps in the trains and stations show the network as it will be, i.e. the under construction parts are shown as complete.
0	2	0	11	As of December 2019, line 3 ends at Ataba.
0	2	0	11	Two cars in the middle section of each train are reserved for women.
0	2	0	11	One of them is for women only till 9PM, while the other is for women all the time.
0	2	0	11	The metro stops running at around 12:20AM and starts up again around 5:15AM.
0	2	0	11	There are no timetables for lines 1 and 2, but departures are very frequent.
0	2	0	11	Line 3 runs every 8 minutes.
0	2	1	12	The large red, white and blue public buses cover the entire city and are much cheaper, costing LE1, but are usually crowded and slow.
0	2	0	12	However, there are the similar air-conditioned buses that charge LE2 or LE2.5.
0	2	0	12	They can be found in the main squares in Cairo.
0	2	0	12	Also found in main squares are the smaller mini-buses that are usually orange and white or red, white and blue.
0	2	0	12	Because of problems with sexual harassment women travellers are advised only to take the small micro-buses and buses which prohibit standing.
0	2	0	12	On micro-buses, the fare starts at LE0.5 and goes up to LE2.5.
0	2	0	12	Apart from the main bus stations, buses can be hailed from street-level.
0	2	0	12	Buses are seldom marked with destination, instead passengers shout out (or use a number of sign-language like hand codes) their destinations and if the bus goes this place it will stop.
0	2	0	12	Travellers unfamiliar with Cairo can ask bus drivers or passengers to let them know where there stop is.
0	2	0	12	Simply politely blurt out the name of your destination to the bus driver or a friendly looking passenger and they will take care of you.
0	2	0	12	Late night bus riders: bus frequency, length of route, and in some cases, fees can vary during the late evening hours onward.
0	2	0	12	In some cases, a route may terminate, without notice, short of your destination.
0	2	0	12	When this takes place, locals rely upon private citizens hoping to make some additional money, to get them to their final destination.
0	2	0	12	As always, use caution, if you should choose to accept private transportation.
0	2	0	12	Since many mini-buses will not depart until the bus is nearly full, you should be prepared for a lengthy period of time, while the driver waits for enough people to board.
0	2	0	12	There are a number of major bus stations (mawqaf موقف, pl. mawaqif مواقف) throughout the city.
0	2	0	12	One of the largest is conveniently located behind the Egyptian Museum in Midan Tahrir.
0	2	0	12	There are actually two stations - the main bus station for the city buses, and the micro-bus station behind it.
0	2	0	12	Travellers who want to visit the Pyramids, for example, can catch a seat in a micro-bus for approximately LE2.
0	2	0	12	Visitors wishing to go to the pyramids and see a bus or micro-bus driver shouting Hàràm, should always before boarding make a pyramid triangle with your hands to ensure that the driver is driving to the actual pyramids themselves, and not just to the district of Haram, which although is fairly close to the pyramids, can terminate a fair distance from the pyramid entrance.
0	2	0	12	There are also bus stations in Midan Ramses, under the overpass.
0	2	0	12	Buses run from Ramses to Heliopolis, City Stars Mall and other destinations not covered by the Tahrir bus station.
0	2	1	13	It's preferable to use Careem or Uber rather than regular cabs.
0	2	0	13	Locals consider Careem and Uber cheaper and safer (especially for women).
0	2	0	13	Just get a local SIM card and you'll be fine.
0	2	0	13	You can also find the Careem or Uber price, get a screen shot, and use that to negotiate with cabs.
0	2	0	13	If you are using Uber, here are some tips:
0	2	0	13	Always setup the Uber pincode for all your trips to avoid the latter point.
0	2	0	13	Sample taxi prices
0	2	0	13	Solid-white taxis:
0	2	0	13	These are modern sedans equipped with meters that are usually used, sometimes with AC, and run on natural gas.
0	2	0	13	Most tourists will pay less using these taxis than they'll be able to negotiate with their non-metered brethren.
0	2	0	13	They can be hailed from the street, and are common enough to be used perhaps exclusively (given a little patience) by any traveler.
0	2	0	13	Compared to the black and white taxis, all tourists will find them more comfortable, and most - less expensive.
0	2	0	13	Bright yellow taxis: Becoming rarer.
0	2	0	13	Typically available by reservation only, but sometimes try to pick up fares while en route.
0	2	0	13	Similar to the solid-white taxis, the meter starts at LE2.50, LE1/km after that.
0	2	0	13	The drivers are not allowed to smoke in the cars.
0	2	0	13	Referred to as "City Cabs" or "Cairo Cabs".
0	2	0	13	From within Cairo, call 0104343438-19155.
0	2	0	13	Older black-and-white taxis: Increasingly becoming rarer.
0	2	0	13	Communication can be difficult as these usually have the oldest of drivers, and the meters are extremely outdated and are not used.
0	2	0	13	Prices are, however, not erratic for natives, and any Cairene knows what to pay depending on time and distance.
0	2	0	13	It is highly recommended that you have exact change before you enter, as drivers are reluctant to give change.
0	2	0	13	Taxis usually expect more money (LE2-3) for ferrying more people.
0	2	0	13	If you decide not to negotiate the price beforehand (this is the better method) be ready to jump ship and/or bargain hard if the cabbie brings up the fare after you are in the car.
0	2	0	13	They rarely accept more than 4 people to a taxi.
0	2	0	13	Also add LE5-7 driving late at night, mostly for the older taxis without counters.
0	2	0	13	Do not let the taxi driver choose you.
0	2	0	13	You choose him and always look confident as if you use them regularly.
0	2	0	13	Flag one down, hop in and always sit in the back of the cab.
0	2	0	13	Try not to get into any discussion with the driver.
0	2	0	13	Simply state your destination and look out the window.
0	2	0	13	Ignore any chat if you can.
0	2	0	13	Egyptians do not chat with drivers on the whole.
0	2	0	13	Avoid eye contact especially in the mirror.
0	2	0	13	Do not confirm the fare before getting in, ordinary Egyptians do not do that.
0	2	0	13	As a tourist, you might prefer to state a price beforehand, which may prevent ripoffs, but will require you to quote above local prices.
0	2	0	13	Instead the correct sum is paid through the window after leaving.
0	2	0	13	You simply step out of the cab, with no discussion of the price (unless the taxi driver thinks you've given them an unfair price).
0	2	0	13	If you are obviously a tourist with your Lonely Planet Guide, North Face backpack, and are wearing shorts then you can sometimes expect an argument even if you have offered the correct price.
0	2	0	13	Either pay them more to keep the peace (odds are they need the money more than you) or just walk away.
0	2	0	13	As long as the driver does not leave the car, you are alright.
0	2	0	13	If this happens, consult someone nearby.
0	2	0	13	Try to avoid those loitering outside 5-star hotels and restaurants to minimise this.
0	2	0	13	Using a big hotel as your destination may also inflate the price.
0	2	0	13	To avoid any confrontation regarding price, choose a cab from the new yellow, or white with black ones with meters.
0	2	0	13	Then add a few pounds tip if you so choose.
0	2	0	13	Taxi drivers may try to pressure you into taking an expensive tour with them instead of a cheap ride.
0	2	0	13	A great look into the life of the average Cairo taxi driver can be found in the excellent book Taxi by Khalid El Khamissi.
0	2	0	13	After reading that you may become more sympathetic to their daily struggle for business.
0	2	0	13	If you feel unsafe, such as if the driver drives recklessly, tell the driver to slow down.
0	2	0	13	If he does not do this immediately, ask him to stop and simply get out and walk away, but be careful not to end up at a remote place where it would be dangerous and difficult to find another thing to ride.
0	2	0	13	Never continue travelling in any vehicle which you deem to be unsafe, especially in the dark on unlit roads, or in single track highways where overtaking is dangerous.
0	2	1	14	Driving in Cairo is not recommended or necessary.
0	2	0	14	The traffic is, at the least, overwhelming for the common traveler.
0	2	0	14	The driving has a consistency, but not in any official way.
0	2	0	14	Road signs, lanes, right-of-ways, etc. are not adhered to, and there are a large number of junctions and flyovers.
0	2	0	14	Traffic signals exist in only a few locations and are routinely ignored.
0	2	0	14	However, sometimes police officers are directing traffic at busy intersections.
0	2	0	14	In downtown Cairo, drivers will sometimes bump other cars that are blocking their way.
0	2	0	14	Also, do not be upset if your side-view mirror gets hit.
0	2	0	14	At night, many drivers do not use headlights, so use extra caution or avoid driving at night.
0	2	0	14	In Egypt, vehicles travel on the right side of the road.
0	2	0	14	Instead of making a left turn, you will often need to make a U-turn and backtrack, or you can make three right turns.
0	2	0	14	Parking houses or official parking spots are rare.
0	2	0	14	Cars may be parked two or three deep on the side of the road, and will often be left unlocked, and out-of-gear, so they can be moved.
0	2	0	14	In many places, people work to look after parked cars.
0	2	0	14	A small tip is expected for this service.
0	2	0	14	You can also use valet parking.
0	2	1	15	To get to Alexandria, the North Coast, the Delta and the Western Desert drivers should take the Cairo - Alexandria Desert Road from the Mewhwar Road- 26 July corridor from Downtown Cairo.
0	2	0	15	To get to Beni Sueif, Fayoum, Assyut, Luxor, and Aswan, drivers from Downtown should take the Sixth Of October-Fayoum exit at the Remaya Roundabout beside the Giza Pyramids at Le Meridien Hotel, to the Fayoum turn off at the Fayoum - Sixth Of October junction, 6 km (3.7 mi) from Remaya Roundabout.
0	2	0	15	To get to Suez, Port Said, and Ismailia, drivers from Downtown should take the Ring Road to the Suez Road junction for Suez, and the Ismailia junction off the Ring Road for Ismailia and Port Said.
0	2	0	15	To get to Hurghada, and Ain Sukhna, drivers from Downtown, should take the Ring Road to the New Ain Sukhna Toll Road at Kattamaya.
0	2	0	15	To get to Sharm el-Sheikh, Dahab, Nuweiba, Ras Sidr, Al-Arish, and Rafah on the Sinai Peninsula, drivers from Downtown, should take the Ring Road to the Suez Road junction at the J.W. Marriott Hotel, through the Ahmed Hamdy Tunnel, on to the Sinai Peninsula.
0	2	1	16	Cairo is generally not safe for cycling.
0	2	0	16	A small bike sharing system called Cairo Bike do exist
0	2	0	16	Access in Cairo is patchy.
0	2	0	16	Anyone with moderate to serious mobility issues should expect to spend a lot of time in taxis.
0	2	0	16	Many buildings have step-only access.
0	2	0	16	Pavements are variable, even around the popular tourist attractions.
0	2	0	16	There is often an incredibly steep drop from the curbs and where there are ramps they are better suited to pushchairs than wheelchairs.
0	2	0	16	Expect potholes, gulleys, poorly cordoned-off building works and street works, and cars parked across the pavement, where there is a pavement at all.
0	2	0	16	The white stick is recognised and help is often offered.
0	2	0	16	The help that is offered can be a little misguided at times but it's usually well intentioned.
0	2	0	16	Although more expensive by far, it is probably best to arrange taxis for major trips (such as visiting the pyramids) via your hotel.
0	2	0	16	Picking up a taxi on the street can be hit and miss.
0	2	0	16	Do not expect to be dropped off at the exact spot that you asked for; you will often be taken to somewhere nearby.
0	2	0	16	Always fix a price before you get into a taxi.
1	3	1	17	Concessions on tickets cannot be taken for granted.
0	3	0	17	For example, the Egyptian Museum offers a 50% concession for disabled patrons (and students) whereas the Cairo Tower doesn't offer concessions at all.
0	3	0	17	A visit to the pyramids is a must.
0	3	0	17	How one does it is either through one of the many stables around the site who will charge anywhere between LE350 and LE650 for a horse/camel ride around the site, or taking a taxi to the Sphinx entrance and attempting to walk.
0	3	0	17	The site is amazingly up and down.
0	3	0	17	A good level of mobility would be required to attempt it by foot.
0	3	0	17	If you opt for a horse/camel ride, make sure that you haggle hard.
0	3	0	17	(July is the quiet season, when it may be possible to get a 2-hour camel ride for LE100 each, albeit when you're with someone who knows the owner of the stables).
0	3	0	17	If you are visually impaired or in any other way disabled it may be possible to gain permission to touch the pyramids.
0	3	0	17	The outside of the pyramids are usually off limits to tourists and surrounded by a cordon.
0	3	0	17	To arrange permission to touch a pyramid, approach one of the many tourist police dotted around the site.
0	3	0	17	(Since the revolution with decreased tourism it is a lot easier to do things like climb on the pyramids, go inside the Sphinx fence or inside the pyramids - for a charge!)
0	3	1	18	Cairo has an overwhelming array of attractions, listed under their individual districts along with transport and other practicalities.
0	3	0	18	Some highlights:
0	3	0	18	Have a coffee, mint tea or Cola at El Fishawy's coffee shop in Khan El-Khalili.
0	3	0	18	Smoke a shisha water pipe (try the "double apple" flavor) and watch the world go by.
0	3	0	18	Great cheap entertainment.
0	3	0	18	Ride a felucca along the Nile River.
0	3	0	18	A great way to relax and enjoy a night under the stars in Cairo.
0	3	0	18	Feluccas are available across from the Four Seasons Hotel in Garden City.
0	3	0	18	To charter your own, negotiate a fair price of no more than LE20-30 for about a half hour for the boat, or LE50 for an hour, no matter how many people are on it.
0	3	0	18	Pay after your ride, or you may get much less than you bargained for.
0	3	0	18	Public boats with loud noisy music and a giggling crowd are also available for LE2 for 1/2 hour, but are very uncomfortable.
0	3	0	18	Cairo has a shortage of parks, but a few of them exist.
0	3	0	18	Other options for relaxation include visiting the Giza Zoo and the Cairo Botanical Gardens, or watching horse racing at the Gezira Club in Zamalek, or, when you need a break from city life, try a round of golf on the famous Mena House Golf Course overlooking the Pyramids, or The Hilton Pyramids Hotel tournament golf course and nearby Sixth Of October City, Ten minutes drive from Giza Pyramids.
0	3	0	18	Or if the family, and especially children are fed up looking at monuments and museums, a 10-minute trip from the Giza Pyramids by micro-bus, taxi, or car, will take you to two of the biggest and best theme parks in Cairo, Dream-park, and Magic land, both in nearby Sixth Of October City.
0	3	0	18	Magic land is also part of The Media Production City complex, including The Mövenpick Hotel, where visitors can take a tour of the Egyptian TV and drama sets, and studios which house many of the Egyptian and other Arabic TV stations.
0	3	0	18	Citystars is Egypt's premier shopping mall and is quite comparable to a foreign mall.
0	3	0	18	It offers most international brands and most international food chains.
0	3	0	18	It offers a cinema and amusement park.
0	3	0	18	Mall of Arabia is a brand new spacious shopping mall in the suburb of 6 October City.
0	3	0	18	It is Cairo's other premier shopping destination, featuring many of the same American and European clothiers as Citystars.
0	3	1	19	According to a survey by the Egyptian government in May 2011, there are at least 3 million expat foreigners working in Egypt.
0	3	0	19	This is strange considering that Egypt is a developing country, with a high rate of local unemployment and oppressive economic conditions, especially after the 25 January 2011 revolution, which has seriously affected the economy.
0	3	0	19	However, there are no strict labor requirements like other developed countries that receive immigrants such as the EU, Canada, or the USA.
0	3	0	19	Even so, the law is not very often applied as employers easily play around the law to hire their needs from foreigners.
0	3	0	19	That being said, it really depends on the kind of job and field you are applying for.
0	3	0	19	Factory work and industrial labor
0	3	0	19	There are many thousands of people from South East Asia, China, and the Far East working low-paying jobs in factories and similar places.
0	3	0	19	They're hired because they're cheaper than hiring locals.
0	3	0	19	Some well-to-do families also like to hire foreign workers to work in their houses as cleaners, housekeepers etc.
0	3	0	19	The majority come from poorer African countries or places like the Philippines and Indonesia.
0	3	0	19	If you come from the West however, the situation may be very different depending on your qualification.
0	3	0	19	The most demanded are those who come from native English speaking countries (i.e. the UK, USA, Canada, Australia).
0	3	0	19	The most demanded jobs for these people are English teachers at schools and some university professors.
0	3	0	19	There are many foreign schools in Cairo and some other big cities that prefer to hire native English speakers as part of their school staff.
0	3	0	19	The reason is obviously the ability to teach English with a native accent and more importantly their foreign qualifications.
0	3	0	19	Other opportunities may arise in similar institutions if your native language is French, less if it's German, and even less if it is some other European language.
0	3	0	19	There is some demand for Russians also in nightclubs, and hotels.
0	3	0	19	The tourism industry in general may be willing to hire foreigners from European backgrounds to work in countless diving centres and small business around the Red Sea area in Dahab, Hurghada, and Sharm El Sheikh, where many tourists come from Europe to take diving courses in their native language (German, Dutch, French, Italian, Russian, English, Polish) and other languages being the most popular.
0	3	1	20	There is a huge demand for anyone who speaks fluent English with a clear native or neutral accent to work in most of the country's internationally based call centres located in and around Cairo.
0	3	0	20	During the past 10 years, Egypt has become a major player in the telecommunications and call centres industry in the Middle East.
0	3	0	20	Many companies including Vodafone, Teleperformance, and other large local call centres are in constant need of English language speakers to work in their call centres, as there aren't that many Egyptians capable of speaking English fluently and clearly enough to serve these companies' offshore accounts.
0	3	0	20	Examples include Vodafone UK, Vodafone Australia, and Vodafone New Zealand, which are being outsourced by the call centre of Vodafone Egypt, which basically hires anyone to work as a call centre agent, who speaks fluent English regardless of their nationality.
0	3	0	20	Even if English is not your mother language, the only requirement is the ability to communicate in the language and work shifts.
0	3	0	20	Pay is not bad considering the much lower living expenses in Egypt compared to the West.
0	3	0	20	Salaries for these positions may range from LE2,500-3,500 per month and many companies offer free transportation, medical insurance, social insurance, and other benefits like a mobile allowance.
0	3	0	20	The American International School in Cairo (AIS), (2 locations in 6 October City Sheikh Zayed) and Fifth Settlement (EL Tagamoa El Khames ) the two being on the Western and Eastern corners of the city.
0	3	0	20	For Call Centre jobs, mainly customer service representatives/agents serving offshore companies in Europe and North America, (outsourced by the call centres in Cairo) try:
0	3	0	20	Most of these companies are in constant demand of fluent English speakers regardless of your nationality because of the booming telecommunications and call centre industry in the Egyptian economy.
0	3	0	20	Many of them outsource other companies originally based in Europe and the West.
0	3	0	20	For other kinds of jobs, the best option is to have a technical background or previous managing experience in a multinational company and get transferred to the local branch of the company in Egypt.
0	3	0	20	Other opportunities include teaching English as a free-lance instructor, but it may take a while before you are able to gather enough students to make a good living.
0	3	0	20	Rates range from LE50-100 per hour/lesson in private lessons.
0	3	0	20	Many people in Egypt want to learn English or improve it as it is always demanded in the Egyptian market.
0	3	1	21	If you have professional qualifications there are many possibilities for work in Cairo.
0	3	0	21	Try any of the local employment or job websites:
0	3	0	21	There are several employment fairs that take place every few months in Cairo.
0	3	0	21	Most of them are free to attend by anyone looking for a job.
0	3	0	21	They usually are advertised in English adverts in the Arabic newspapers such as Al Ahram newspaper.
0	3	0	21	The ads are easy to spot as they are large picture advertisements and written in English, even though the newspaper is in Arabic.
0	3	0	21	They normally take place in well-known places like large five star hotels or the City Stars shopping complex.
0	3	0	21	Examples include Job Master Job Fair, Wazayef Masr Job Fair, and the American Chamber of Commerce Job Fair.
0	3	0	21	You can meet lots of different employers, with mostly multinational companies based in Cairo and other local well-known Egyptian companies.
0	3	0	21	Most recruitment teams at the fairs speak fluent English.
0	3	0	21	You must bring your cv/resume as most employers expect you to apply for a job on the same day, then you will be called for an interview a few days/weeks later if they have a suitable vacancy.
0	3	0	21	Take at least 20-30 copies, one for each employer and dress semi-formally or formally.
0	3	0	21	Another option is any of the foreign embassies located in Cairo.
0	3	0	21	You can also try the English weeklies al-Ahram and al-Waseet for job vacancies.
0	3	0	21	Otherwise, if you have some connections, you can always network with people that you know, and sometimes it may lead to landing a job somewhere.
0	3	0	21	Egyptian work conditions may be very different from Western ones.
0	3	0	21	It is more of a friendly casual environment, but everybody is still treated with respect.
0	3	0	21	Working hours are normally 9AM-5PM, and the weekend is Friday and Saturday (Friday substituted for Sunday because it is the day that Muslims go to pray at the mosque).
0	3	0	21	Annual leave is normally 21 days, and most national holidays are days off as well.
0	3	1	22	ATMs are found in various places throughout downtown.
0	3	0	22	A more secure option are the ATMs in the five star hotels.
0	3	0	22	There also are numerous places that handle currency exchange, or you can try any major bank such as HSBC or Commercial International Bank for currency exchanges or redeeming travellers cheques.
0	3	0	22	There also are a number of Citibank [dead link] branches in Cairo.
0	3	0	22	Foreign currencies can also be exchanged for Egyptian pound in all the Egyptian banks like Banque Misr, National Bank of Egypt, Banque de Caire[dead link], Arab African Bank[dead link], the United Bank[dead link], or the large branches of Bureau de Change.
0	3	1	23	Many merchants will try to scam you out of as much as they possibly can.
0	3	0	23	A particularly common trick are the papyrus museums.
0	3	0	23	They come in many different flavours, but they often call themselves galleries, museums or workshops.
0	3	0	23	You will be given a brief talk or demonstration on how papyrus is made, and warned against cheaper shops that make their papyrus from banana leaf (though no matter where you go, no one has a sample to show you, questioning the legitimacy of this "warning").
0	3	0	23	The prices will be in the hundreds, and you will be offered what appears to be an excellent discount.
0	3	0	23	If you look around, however, you will see most of what they offer is worth LE1-5 at the most.
0	3	0	23	Tour guides, taxi drivers and hotel staff are all in on this, and will often get a 50% commission if they lead an unwitting tourist into this trap.
1	4	1	24	Cairo has an enormous number of restaurants, catering to most needs.
0	4	0	24	Ironically though, one may want to avoid any restaurants listed in popular guidebooks.
0	4	0	24	Egyptian restaurants have a habit of after being listed, cooking up a special English menu with vastly inflated prices.
0	4	0	24	That said, cheap food can be found everywhere in street restaurants and snack stalls.
0	4	0	24	The top notch restaurants are often, but not always, found in hotels and Nile boats.
0	4	0	24	The borders between restaurants and cafes are not crystal-clear in the Egyptian capital.
0	4	0	24	In many places it is perfectly acceptable to just have a drink or sheesha.
0	4	0	24	Medium and high-range outlets might have a minimum charge.
0	4	0	24	Cheaper restaurants will normally not serve alcohol as well as some more expensive outlets.
0	4	0	24	In general, downtown is good for budget eating, while for higher quality eating you should head to Zamalek, Mohandiseen or any of the other more affluent parts of town.
0	4	0	24	Traditional Egyptian staples are available almost everywhere.
0	4	0	24	In stalls and street restaurants you will find traditional dishes like fūl (bean paste), falāfel, moussaka, koshari (rice, macaroni, lentils, chick peas and tomato sauce), feTīr (pancakes with different fillings) and shawarma (an import from Lebanon and Syria — pieces of roasted meat usually wrapped in bread).
0	4	0	24	Cheaper places will only serve up vegetables and maybe beef hot dogs or corned beef.
0	4	0	24	Eggs, fried potatoes and salads are also usually available.
0	4	0	24	Hygiene varies wildly and the best advice is to go for the most visited places.
0	4	0	24	Avoid empty restaurants as the food will be less fresh.
0	4	0	24	Especially downtown, you can find many good koshari shops, including many outlets of the excellent Koshari Tahrir chain.
0	4	0	24	Delicious and cheap fūl, falāfel, and shawarma sandwiches can be bought at the many outlets of popular Gad fast food chain dotted around Cairo.
0	4	0	24	The average price for a tub of takeaway koshari is LE3-5, fūl or falāfel sandwiches is LE1-1.5, and shawarma sandwiches are LE4-8.
0	4	0	24	In the medium and upper price range your choice of traditional Egyptian food will be more limited.
0	4	0	24	Although the situation is improving, traditionally Egyptian gastronomical experiences are still mostly restricted to private homes.
0	4	0	24	Quality chain restaurants like Felfela (several outlets), Abou El Sid (Zamalek, Maadi and Dokki), Cairo Kitchen (Zamalek and Maadi), and Abou Shakra offer authentic Egyptian food.
0	4	0	24	Otherwise oriental or Middle Eastern restaurants tend to mix styles or completely go for more Lebanese-style eating, considered more stylish by rich Cairenes.
0	4	0	24	The good side of this is that Cairo is blessed with many quality Lebanese outfits, from chains like Dar Al-Qamar to stylish restaurant establishments.
0	4	0	24	Additionally, Turkish food and restaurants catering to Gulf visitors can be found.
0	4	0	24	Cairo has a growing number of Western fast food outlets available - these are, incidentally, some of the best places to see young Cairenes relaxing together, as fast food restaurants are apparently considered among the hippest places to hang out.
0	4	0	24	McDonalds[dead link], Hardees [dead link], Pizza Hut [dead link], and KFC [dead link] are spread about the city, but they are relatively more expensive.
0	4	0	24	Most of these also offer free wireless internet.
0	4	0	24	The Tahrir Table 11 Tahrir square next to KFC.
0	4	0	24	Owned by a Swedish lady, meals from locally inspired food to international dishes.
0	4	0	24	View of Tahrir square in the second floor.
0	4	0	24	Beer and wine served.
0	4	0	24	Mo'men chain [dead link], Cook Door the Egyptian equivalent of McDonald's has similar menu with similar prices and free wireless internet.
0	4	0	24	Lighter meals like sandwiches and salads as well as pastries can be found in western-style bakeries and cafes.
0	4	0	24	Popular chains like Cilantro, Beanos, Costa, and The Marriott Bakery as well as individual outlets all offer more or less similar dishes.
0	4	0	24	Most of these places also offer free wireless internet.
0	4	0	24	There is also a cute TGI Friday's[dead link] on the Nile banks at the entrance of Maadi, serving beer but no wine.
0	4	0	24	Gezira also has its very own Chili's.
0	4	0	24	For burgers, you can also try Fuddrucker's (Maadi and Mohandesseen) or Lucille's in Ma'adi (54 Road n° 9) which is owned by an American woman.
0	4	0	24	Maison Thomas has several branches throughout Cairo, including Mohandiseen, Zamalek, and Maadi, and serves some of the best pizza in Cairo.
0	4	0	24	There is an Italian place called the Mint in Mohandesseen 30 Gezirt Al Arab St. open 9AM-1:30AM, which boasts a very stylish interior, however it's alcohol free.
0	4	0	24	If you prefer more stylish international dining, Cairo offers a wide variety: Italian, Chinese and Japanese outlets in addition to the ambiguous continental cooking abound, especially in areas like Zamalek, Mohandseen and Dokki.
0	4	0	24	Rossini fish restaurant 66 Omar Ibn El Khatab ST +202 2291-8282, Cedars 42 Gezerit Al Arab Mohandeseen +202 3345-0088, this Lebanese restaurant is a favorite with Mohandesseen's ladies who can order grills and salads in a specious outdoor terrace.
0	4	0	24	For health reasons it is advisable not to drink tap water or eat unpeeled fresh fruits and vegetables—at least for the first few days of the visit.
0	4	0	24	There are few solely vegetarian options, L'aubergine in Zamalek is a good restaurant for vegetarian food.
0	4	0	24	Otherwise, Egyptian cuisine is dominated by vegetable courses, but be aware of "hidden" meat in stock, sauces and the like.
0	4	0	24	One should also be cautious about frozen drinks or ice creams sold outside of main hotels.
0	4	0	24	Also, if served eggs, one should be cautious to ensure that they are fully cooked (sunny side up eggs may allow certain organisms to be transmitted).
0	4	1	25	The Metro chain and Alfa Market dotted around Cairo are convenient supermarkets.
0	4	0	25	They often stock Western brands.
0	4	0	25	Otherwise vegetables and fruit are plentiful and cheap.
0	4	0	25	Bakeries such as The Bakery chain sell western-style bread and pastries.
0	4	0	25	Organic food from the local ISIS brand is available at the supermarkets Metro and Carrefour and the Sekem Shop in Ahmed Sabri Street (شارع احمد صبر), Zamalek.
0	4	0	25	By far the cheapest and most satisfying option, buying from souks and outdoor markets makes for a crash course in Arabic and haggling, not to mention that the produce is often superb!
0	4	0	25	Bread can be found on nearly every corner and comes in two types - whole wheat aysh baladi and white flour aysh shami.
0	4	0	25	Both are baked fresh daily and delivered by thousands of kids on bicycles to every corner of the city.
0	4	0	25	Every neighborhood has a few streets dedicated to produce and other goods.
0	4	0	25	Always wash fruit thoroughly before eating.
0	4	0	25	Eating a fresh Roma tomato in the heat of Summer straight from a market seller after being washed is a delight, hard to match.
0	4	0	25	The fruits and vegetables in Egypt may not conform to EU or US standards of size, but their taste is far superior.
0	4	0	25	Small bakeries (furne) sell every kind of baked good imaginable - ranging from Italian style bread sticks with nigella and sesame seeds to croissants, donuts and anything with dates in it.
0	4	0	25	Fresh goods from these bakeries offers a nice alternative to the standard Egyptian breakfast of beans, beans, and beans, as well as the fact that this bread is very cheap.
0	4	1	26	Cairo has a wide range of drinking options from the very traditional to fashionable and modern.
0	4	0	26	At the other end of the scale, almost any street in Cairo has a traditional coffee house, ´ahwa, a traditionally male institution of social life tracing many hundreds of years back in history.
0	4	0	26	Besides that you'll find everything from fruit stalls to patisseriés and bakeries and modern cafés whipping up all varieties of modern European coffee.
0	4	0	26	In addition to the traditional Turkish coffee and shai tea, virtually everywhere you'll find drinks like hibiscus tea kerkedeeh, served warm or cold depending on season, sahleb, a milk-based drink usually served in winter, fakhfakhenna (a kind of fruit salad), sugarcane juice, mango and tamarind juice, Tamr hindi.
0	4	0	26	Cairo remains one of the best cities in the world to sample the traditional coffee house culture of the region.
0	4	0	26	They are called maqhâ in Standard Arabic, but in the local dialect this is turned into ´ahwa.
0	4	0	26	The Turkish coffee remains an invariable ingredient in any Cairene coffee house, and water pipe (sheesha) and tea is even more popular.
0	4	0	26	While considered "old fashioned" for a time, these places are again turning fashionable among younger crowds and even smoking a water-pipe is no longer a male-only pastime.
0	4	0	26	Places vary from just a small affair—plastic chairs and tables put out on the street—to more elaborate cafes especially in upscale and tourist areas.
0	4	0	26	A social institution
0	4	0	26	When coffee was introduced to the Arab and Islamic world in the 1600s the Islamic clergy attempted to outlaw it.
0	4	0	26	However people's cravings soon convinced the sheikhs against this, although even today the most pious followers of Islam would still avoid visiting an ´ahwa.
0	4	0	26	For most Egyptian men however, it is an important social institution, usually near one's home and the local mosque or church.
0	4	0	26	It is the place to chat, pick up the latest news, read the paper, watch a TV show or a soccer match, or simply people watch while puffing a waterpipe sheesha.
0	4	0	26	Some say there are more than 20,000 coffee houses in Cairo.
0	4	0	26	Today Downtown and Islamic Cairo are the best places to visit for a sampling of this essential part of Cairene life.
0	4	0	26	For many, the sheesha or water pipe, is the main attraction of any visit to a Cairene coffee house.
0	4	0	26	It is usually available in at least two varieties, mu´assal, pure tobacco, and tofâh, apple-flavored.
0	4	0	26	Other fruit varieties are sometimes available.
0	4	0	26	Coffee houses range from the more elaborately decorated to a simple counter and some plastic chairs and tables spread out in the street.
0	4	0	26	Foreigners are invariably made welcome, although women might feel uncomfortable visiting coffee houses in traditional, poor areas of the city.
0	4	0	26	However, in downtown and the tourist areas of Islamic Cairo single or women-only groups should not expect anything more than the ordinary hassle.
0	4	0	26	Turkish coffee (´ahwe turki) is served either sweet (helwa), medium sweet (masbout), with little sugar (sukr khafeef) or no sugar (sâda).
0	4	0	26	Sweet means very sweet.
0	4	0	26	Tea (shai) is served either as traditional loose tea (kûshari, not to be confused with the Cairo macaroni-rice stample kushari), known as dust tea in English, or in a tea bag.
0	4	0	26	Most coffee shops usually offer fresh mint leaves to put in your tea, upon request.
0	4	0	26	A range of soft drinks are usually available.
0	4	0	26	Most typically you will find hibiscus tea (karkadee), served warm in the winter season and cold during the warmer parts of the year.
0	4	0	26	During the hot Cairo summer, fruit juice stalls selling fresh juice (and occasionally fruit salads and other soft drinks) are a delight not to be missed.
0	4	0	26	Basically these places sell fresh-pressed juice of whatever is in season.
0	4	0	26	Typical choices include orange (borto'ân), lemon (lamūn), mango (manga) and strawberry (farawla), guava (gawafa), pomegranate (Rommân).
0	4	0	26	Prices and quality depend on season and availability.
0	4	0	26	These places are spread out around the city and available at almost all the places tourists typically visit and in all local residential districts.
0	4	0	26	Traditional coffee houses or fruit juice stalls might sell all or some of these drinks.
0	4	0	26	A health reminder Use extra care if you choose to consume beverages from fruit stalls.
0	4	0	26	In general, food handling procedures are not up to Western food sanitation standards.
0	4	0	26	Some vendors mix their fruit juices with less-than-perfect tap-water.
0	4	0	26	Modern cafes and patisseries are spread out around the city.
0	4	0	26	Typically they serve light food like sandwiches and salad in addition to espresso-based coffees and pastries.
0	4	0	26	Many of these places are chains, like Cilantro, Beanos, Cinnabon, Orangette, the Bakery and Coffee Roastery.
0	4	0	26	Most of these places, including all the chains mentioned above, offer wireless internet connection as well.
0	4	0	26	International chains such as Costa Coffee and Starbucks are also widely available throughout Cairo.
0	4	0	26	For the capital of a Muslim country, Cairo is relatively liberal when it comes to the consumption of alcohol.
0	4	0	26	A wide range of bars and dance clubs is available, basically in every major hotel, and some are open 24/7.
0	4	0	26	If you would like to explore the less fancy drinking places in Cairo, Downtown is definitely the place to go.
0	4	0	26	Upscale nightspots are found in and around the Zamalek area
1	5	1	27	Cairo has a tremendous range of accommodation, from low-rent budget hotels downtown to five-star palaces along the Nile.
0	5	0	27	See individual district articles for hotel listings.
0	5	0	27	You can also stay in an accommodation in Giza directly at an entrance to the pyramid area.
0	5	0	27	Many of these accommodations have a pyramid view.
0	5	1	28	The main post office of Cairo is on Midan Ataba (open Sa-Th 7AM-7PM, F and holidays 7AM-noon).
0	5	0	28	The poste restante office is to be found along the side street to the right of the main entrance to the post office and through the last door (open Sa-Th 8AM-6PM, F and holidays 10AM-noon) - mail will be held for 3 weeks.
0	5	0	28	There are two kind of mail boxes for international and domestic use.
0	5	0	28	They are typically found on the street in pairs, colored green and yellow.
0	5	0	28	It is said that your mail will be delivered no matter which one you use.
0	5	0	28	Always use the register mail facility to post anything valuable or important.
0	5	0	28	It takes longer but each step of the journey is recorded, as many letters do not arrive at their destinations when using regular mail service.
0	5	1	29	The Internet is rapidly growing in Cairo as in many other Egyptian and Middle Eastern cities.
0	5	0	29	There is now a profusion of established internet cafés and venues, with many more opening for business each month.
0	5	0	29	An hour in a downtown net cafe will set you back LE3-5.
0	5	0	29	A growing number of cafés including Cilantro and Beanos provide wifi for free, and if all else fails, you can always drop into a McDonald's and try their network.
0	5	0	29	Luxury hotels often provide WiFi at a premium.
0	5	0	29	Also, mobile providers offer relatively high speed internet access via a USB dongle.
0	5	0	29	For example, a Orange or a Vodafone USB dongle and sim card will cost you LE99 with LE50 of credit.
0	5	0	29	If you have access to a traditional telephone line in Cairo, then you will be able to access the internet through dial-up connection for LE1.25 per hour by dialing 0777 XXXX numbers.
0	5	0	29	In Egypt, cell phones are a way of life.
0	5	0	29	Walking down any street, or on a crowded bus, it seems that most Egyptians are addicted to cell phones (similar to what you may find in Japan or Korea).
0	5	0	29	Instead of using your phone from your home country (which often tend to carry very high roaming fees), consider obtaining an Egyptian SIM card or cheap unlocked phone.
0	5	0	29	The 2 main carriers in Egypt are Orange Egypt and Vodafone Egypt[dead link], with UAE's Etisalat a growing 3rd player in the Egyptian market.
0	5	0	29	Orange and Vodafone[dead link] offer the best coverage, but for tourists Etisalat is the best option because it gives the most bang for your buck with minutes and seems to have the lowest calling rates abroad out of any of the 3 (a difference of paying US$0.55 per minute for a call to the States than paying US$2.50 for using your home GSM provider on roaming).
0	5	0	29	You can find mobile dealerships in every section of Cairo, and getting set up is fairly easy.
0	5	0	29	SIM cards for any of the 3 providers go for about LE5-20.
0	5	0	29	You will need to bring your identification (it's recommended to bring a copy of your ID, as you may not want someone walking off with your passport in a shady shop to make a copy).
0	5	0	29	If you don't have an unlocked phone, many shops will sell cheap older models (usually Nokia phones) as secondhand phones.
0	5	0	29	But beware, make sure that the phone is fully functional before purchasing it, and buying a used one is at your own risk (as a good percentage of these tend to be stolen ones).
0	5	0	29	The Egyptian Tourist Authority
0	5	0	29	http://www.touregypt.net has offices in Cairo City Center, 5 Adly Street, phone: 3913454, Pyramids, Pyramids Street, phone: 3838823, fax: 3838823, Rameses Railway Station, phone: 5790767, Giza Railway Station, phone: 5702233, El Manial, Manial Palace, phone: 5315587, Airport, phone: 2654760, fax: 4157475, New Airport, phone: 2652223, fax: 4164195 and Cairo International, Airport phone: 2914255 ext.2223.
1	6	1	30	Scams against tourists are almost a national sport, though they're usually obvious.
0	6	0	30	A good rule of thumb is that if someone approaches you on the street, they're trying to scam you.
0	6	0	30	Don't talk to them.
0	6	0	30	Common scams are:
0	6	0	30	During politically-calm times, you can walk around the main streets anytime you feel like roaming.
0	6	0	30	It is fairly safe and you will always find lots of people around smiling and offering to help.
0	6	0	30	Women alone can expect to be the target of an excessive amount of catcalling, but it rarely goes beyond that.
0	6	0	30	Around the more touristy locations there is an abundance of 'helpful' people, but be careful who you go with and under no circumstance let anyone push or guide you anywhere that you do not want to go!
0	6	0	30	If you get lost look for the security and police officers.
0	6	0	30	Many speak some English, and most know their local area very well as well as the tourist spots.
0	6	1	31	Crossing streets is another major challenge in Cairo.
0	6	0	31	Traffic lights, which only exist in a few locations, are routinely disregarded.
0	6	0	31	In downtown Cairo, police officers may be controlling traffic at key intersections at busy times.
0	6	0	31	Crossing the street is like playing the video game "Frogger", hurrying across the street one lane at a time, when there is a small break in traffic.
0	6	0	31	One way to cross a street that proved to be effective is to place yourself next to an Egyptian who wants to cross the street and follow.
0	6	0	31	Also, when riding in a taxi, the driver may go quite fast and drive erratically.
0	6	0	31	If at any time you feel unsafe, tell the driver to stop and get out.
0	6	1	32	Be careful about wearing the jerseys of local football clubs Al Ahly and Zamalek, as violent incidents have been known to occur between the supporters of both clubs.
0	6	1	33	As elsewhere in Egypt, be careful with what you eat.
0	6	1	34	Raw leafy vegetables, egg-based dressings like mayonnaise and minced meat are particularly risky.
0	6	0	34	Avoid cold salads and puddings from buffets even in the 5-star hotels just to be on the safe side.
0	6	0	34	Opinions on tap water vary, but most visitors choose to stick to the bottled stuff.
0	6	0	34	Large bottles of water can be purchased for LE2-3.
0	6	0	34	Avoid ice in drinks, and only eat fruit with a skin you can wash or peel.
0	6	0	34	You may find that stomach medications you bring from home simply don't work.
0	6	0	34	All visitors would do well to buy from any pharmacy Egyptian brand drugs.
0	6	0	34	The best and most common being Entocid and Antinal.
0	6	0	34	Diarrhea and vomiting can almost always be stopped by taking 2 of these tablets with a glass of water in a few hours.
0	6	0	34	If symptoms persist, it is wise to consult a doctor as dehydration can come on quickly in summer.
0	6	1	35	Smog can reach extreme levels, especially in late summer and fall before the rains.
0	6	0	35	This, coupled with the summer heat, can make spending time outdoors in the summer quite unpleasant.
0	6	0	35	Mosquitos are in some parts of Egypt so you might face them.
0	6	0	35	They are active from dusk till dawn, and then find a dark sheltered place to sleep during the heat of the day.
0	6	0	35	They love humidity and wet environments where they breed.
0	6	0	35	They also love leafy green gardens, and hedging.
0	6	0	35	Sitting around lakes, pools, or in a garden at night can be suicide.
0	6	0	35	Only the female bites, and one female in a bedroom can cause much discomfort by morning, so it is always wise to kill any before sleeping.
0	6	0	35	A fly swatter is best as they move due to air pressure, swatting with a newspaper will not work.
0	6	0	35	Mosquito repellent sprays are of little value either.
0	6	0	35	Most hotels will have smoke sprays at dusk to quieten them down but they will revive and attack later.
0	6	0	35	The best defense is to kill any in hotel rooms.
0	6	0	35	Wear long sleeves and long trousers when out at night.
0	6	0	35	When outside, sit in a breeze or in front of a fan as they do not like moving air.
0	6	0	35	The mosquito tablets and burners merely make them sleepy, they do not kill them.
0	6	0	35	It is better to spend a few minutes going round the hotel room killing any you see than suffer days of itching and painful bites.
0	6	1	36	For medical care, hotels usually have a house doctor on call.
0	6	0	36	Any major operations are best performed outside Egypt, but the following hospitals are generally considered the best in Cairo:
0	6	0	36	Backpackers will see doctors' offices dotted all around Cairo on board signs.
0	6	0	36	They are speciality specific.
0	6	0	36	Just look for one and then inquire.
0	6	0	36	Most surgeries open after 5PM and run late till sometimes midnight.
0	6	0	36	A consultation fee will give you a consultation and one follow up appointment.
0	6	0	36	Travellers can also visit private hospitals like El Salam, Dar Al Fouad,6 October University Hospital, Ain Shams University Hospital,Kasr El-Eney during the day.
0	6	0	36	Each has an outpatient clinic with various specialists on duty.
0	6	0	36	Usually no appointment is necessary and you will be seen depending on how early you arrive.
0	6	0	36	The fee for the outpatient clinic of 6 October University Hospital for a consultation and follow up is LE40.