boundary-coarse	segment-coarse	boundary-fine	segment-fine	sentence
1	1	1	1	Mexico City (Spanish: México, Ciudad de México or CDMX) is Mexico's capital.
0	1	0	1	The city center is built on the ruins of the Aztec capital Tenochtitlan, and later came to be the capital of New Spain, which included much of North America.
0	1	0	1	The city has grown fast in the 20th century, and is today North America's largest city (and the world's largest Spanish-speaking city) with 8.9 million inhabitants in the city proper, and more than 20 million in the urban area.
0	1	0	1	The city is administratively divided into 16 delegaciones (boroughs) which are in turn subdivided into colonias (neighborhoods), of which there are around 2150; however, it is better to think of the city in terms of districts to facilitate the visitor getting around.
0	1	0	1	Many older towns like Coyoacán, San Angel and Tlalpan got merged into the urban sprawl, and each of these still manages to preserve some of their original and unique characteristics.
0	1	0	1	Other areas of Mexico City include:
0	1	1	2	The greater Mexico City metropolitan area is one of the world's largest and the largest city in North America, with a 20.1 million people living in the metropolitan area as of the 2010 census.
0	1	0	2	It is situated in the Valley of Mexico and shaped roughly like an oval of about 60 km by 40 km with large parts of it built on the dry bed of Lake Texcoco, and surrounded on three sides by tall mountains and volcanoes such as the Ajusco, the Popocatepetl and the Iztaccihuatl.
0	1	0	2	Mexico City proper (with an estimated population of between 8 and 9 million) is the country's capital, and since 2016 has been a "federal entity" with the same powers as the states of Mexico, though still separate from the states.
0	1	0	2	Confusingly, the rest of the metropolitan area extends beyond Mexico City into the State of Mexico, which surrounds Mexico City on the West, North and East, and Hidalgo further North.
0	1	0	2	Legally and practically speaking, Mexico City refers to the city proper and is the area where tourists will spend all or most of their time.
0	1	0	2	Mexico City is divided up into 16 boroughs similar to those in New York, which in turn are divided into colonias (neighborhoods), of which there are about 2150.
0	1	0	2	Knowing what colonia you're going to is essential to getting around, and almost all locals will know where the main colonias are (there are some colonias with duplicate or very similar names).
0	1	0	2	As with many very large cities, the structure is relatively decentralized, with several parts of the city having their own miniature downtown areas.
0	1	0	2	However, the real downtown areas are Centro, the old city center, and Zona Rosa, the new business and entertainment district.
0	1	1	3	The city center is 2230 m above mean sea level, while some areas reach up to 3000 m.
0	1	0	3	Some people have breathing difficulties at high places and have experienced difficulty when breathing.
0	1	0	3	The altitude is equivalent to more than 7,200 ft.
0	1	0	3	This is far higher than any metropolitan area in the United States.
0	1	0	3	If you live closer to sea level, you may experience difficulty breathing due to altitude and pollution.
0	1	0	3	Air quality has, however, been improved in the last few years.
0	1	1	4	Mexico
0	1	0	4	City's night life is like all other aspects of the city; it is huge.
0	1	0	4	There is an enormous selection of venues: clubs, bars, restaurants, cafes, and variations and combinations thereof to choose from.
0	1	0	4	There is incredible variation, from ultramodern lounges in Santa Fe and Reforma, to centuries-old dance halls in Centro and Roma.
0	1	0	4	There are also pubs in Tlalpan and Coyoacán and clubs of every stripe in Insurgentes, Polanco, Condesa and the Zona Rosa.
0	1	0	4	Also, when going out, check the date, since this is an important indicator of how full places will generally be and how long you might have to wait to get in.
0	1	0	4	Salaries are usually paid twice per month: the 30th/31st-1st and the 14th-15th.
0	1	0	4	On or soon after these dates is when most Mexicans will go out, especially if payday coincides with a weekend.
0	1	0	4	In the more expensive places, people might leave for Acapulco or vacations farther afield during the summer and long weekends.
0	1	0	4	Mexican weekends, in the sense of when it is common to go out drinking, are Thursday night to Sunday morning and sometimes throughout Sunday.
0	1	1	5	The origins of Mexico City date back to 1325, when the Aztec capital city of Tenochtitlan was founded and later destroyed in 1521 by Spanish conqueror Hernan Cortes.
0	1	0	5	The city served as the capital of the Vice-royalty of New Spain until the outbreak of the Independence War in 1810.
0	1	0	5	The city became the capital of the Mexican Empire in 1821 and of the Mexican Republic in 1823 after the abdication of Agustin de Iturbide.
0	1	0	5	During the Mexico-US war in 1847, the city was invaded by the American army.
0	1	0	5	In 1864 the French invaded Mexico and the emperor Ferdinand Maximilian of Habsburg ruled the country from the Castillo de Chapultepec and ordered to build Avenue of the Empress (today's Paseo de la Reforma promenade).
0	1	0	5	Porfirio Díaz assumed power in 1876 and left an outstanding mark in the city with many European styled buildings such as the Palacio de Bellas Artes and the Palacio Postal.
0	1	0	5	Diaz was overthrown in 1910 with the Mexican Revolution and this marked a radical change in the city's architecture.
0	1	0	5	The 20th century saw the uncontrolled growth of the city beyond the Centro Historico with the influx of millions of migrants from the rest of the country.
0	1	0	5	In 1968, the city was host to the Olympic Games, which saw the construction of the Azteca Stadium, the Palacio de los Deportes, the Olympic Stadium and other sports facilities.
0	1	0	5	In 1985 the city suffered an 8.1 Magnitude earthquake.
0	1	0	5	Between 10,000 and 40,000 people were killed.
0	1	0	5	412 buildings collapsed and another 3,124 buildings were seriously damaged in the city.
0	1	1	6	Mexico City ranks 8th in terms of GDP size among 30 world cities.
0	1	0	6	More than a third of the total Mexican economy is concentrated here.
0	1	0	6	The size of its economy is US $315 billion, that's compared to $1.1 trillion for New York City and $575 billion for Chicago.
0	1	0	6	Mexico City is the wealthiest city in all of Latin America, with a GDP per capita of $25,258.
0	1	0	6	Mexico
0	1	0	6	City's poverty rate is also the lowest in all of Mexico, however, Mexico is only about the 65th richest country in the world out of 184 countries.
0	1	0	6	Mexico City's Human Development Index (2009-MHDI) is the highest in Mexico at 0.9327.
0	1	0	6	It is home to the Mexican Stock Exchange.
0	1	0	6	Most of the large local and multinational corporations are headquartered here, mainly in the Polanco and Santa Fe districts.
0	1	1	7	Mexico
0	1	0	7	City has a monsoon-influenced temperate oceanic climate with five seasons, Spring, Summer, Monsoon, Autumn, and Winter.
0	1	0	7	Spring months are mild and sunny, while the summer months warm and humid.
0	1	0	7	The monsoon season lasts from June to September, which can vary from light to heavy rains especially in the late afternoon.
0	1	0	7	Dawn in the autumn and winter get really cold, but with an amazingly clear sky.
0	1	0	7	Temperatures range from 0°C in late October, November, December and January mornings, to 32°C in March, April and May during mid-day highs.
0	1	1	8	Many prospective travelers will be aware of Mexico City's somewhat dated notoriety for having terrible air pollution.
0	1	0	8	The city sits in a valley surrounded by mountains and volcanoes, which results in poor air circulation and a tendency for air pollutants to stagnate over the city.
0	1	0	8	Due to the extremely rapid pace of urbanization in the 20th century, little consideration was given to environmental planning.
0	1	0	8	By 1987, air quality had deteriorated so much that one day thousands of birds appeared dead on the sidewalks of the city.
0	1	0	8	Environmentalists attributed this to air pollution.
0	1	0	8	This shocking event encouraged authorities to implement measures to improve air quality.
0	1	0	8	Most heavy industries (glass, car and steel factories) and oil refineries were relocated outside of the city and unleaded vehicle fuels were introduced.
0	1	0	8	Today, the air quality is much better.
0	1	0	8	Ozone and carbon dioxide levels are falling, and for most visitors, air pollution is no longer a major concern.
0	1	0	8	For more detailed coverage of Mexico City's air pollution, see the "Stay safe" section.
0	1	0	8	There still is a noticeable difference in air quality between the dry season (November to March) and the rainy season from June to September, with air quality being best during rainy season.
0	1	1	9	With a population of more than 20 million in the greater metropolitan area, you can expect to find all kinds of people in Mexico City, in terms of racial, sexual, political, cultural and wealth diversity.
0	1	0	9	Citizens are mostly Mestizo (people of mixed European and Amerindian racial background) and white.
0	1	0	9	Amerindian people constitute less than one percent of the city's population, but there are some who are still moving to the city in search of opportunities.
0	1	0	9	There are significant minorities of descendants of immigrants from Latin America, the Middle East and East Asia, as well as smaller ones from other regions.
0	1	0	9	As elsewhere in Latin America, socioeconomic status tends to be highly correlated with ethnicity in Mexico City: by and large, the upper and middle classes have more European ancestry than the poor and the lower middle classes.
0	1	0	9	The city, as the rest of the country, has a very unequal distribution of wealth that can be characterized geographically, generally speaking, as follows: the middle and upper classes tend to live in the west and south of the city (concentrated in the delegaciones of Benito Juarez, Miguel Hidalgo, Coyoacan, Tlalpan, Cuajimalpa and Alvaro Obregon).
0	1	0	9	The east of the city, most notably Iztapalapa (the most populous delegacion) is much poorer.
0	1	0	9	The same applies to municipalities of greater Mexico City (Ciudad Nezahualcóyotl, Chalco, Chimalhuacán).
0	1	0	9	Although there are pockets of poverty everywhere (and often side by side with the shiny-glitzy condos of the nouveau riche, like in Santa Fe in Cuajimalpa) and pockets of wealth in the East (such as Lomas Estrella in Iztapalapa), it is easily noticeable that as one travels east the buildings begin to look more shabby and the people look increasingly browner—a testimony to Mexico's heritage of racial and socioeconomic inequality.
0	1	1	10	Since it is a big city, it is the home of large foreign communities, like Cubans, Spaniards, Americans, Japanese, Chilean, Lebanese, and more recently Argentines and Koreans.
0	1	0	10	Mexico City has a number of ethnic districts with restaurants and shops that cater to groups such as Chinese and Lebanese Mexicans.
0	1	0	10	It is the temporary home to many expats too, working here for the many multinational companies operating in Mexico.
0	1	0	10	Foreigners of virtually any ethnic background may not get a second look if they dress conservatively and attempt to speak Spanish.
0	1	1	11	Mexico City is one of the most liberal cities in Latin America.
0	1	0	11	Contrary to other Latin American capitals, it has a political orientation far to the left of the rest of the country.
0	1	0	11	The centre-left PRD has governed the city continuously since its citizens were allowed to elect its mayor and representatives since 1997.
0	1	0	11	It has liberal laws on abortion, prostitution, euthanasia and was the first jurisdiction in Latin America to legalize same-sex marriage (in December 2009).
0	1	0	11	As such, this is generally a gay friendly city, particularly in the Zona Rosa District, and is generally friendly to foreigners and immigrants.
0	1	0	11	See LGBT Mexico City
0	1	1	12	Although Mexico City is considered an expensive city by Mexican standards, your trip budget will depend on your lifestyle and way of traveling, as you can find cheap and expensive prices for almost everything.
0	1	0	12	Public transportation is very cheap and there are many affordable places to eat.
0	1	0	12	On the other hand, you can find world-class hotels and fancy restaurants with higher prices.
0	1	0	12	A daily backpacker budget for transportation and meals should range between M$150 and 300 (pesos) a day, using public transport and eating at street stands, while a more comfortable budget should range between M$300 and 500 a day using private taxis (taxi de sitio) and eating at decent sit-down restaurants.
0	1	0	12	For those with more expendable cash, you can find plenty of outlets for your dollars, euros, pounds, yen, etc.
0	1	1	13	The address system is fairly simple and has the street name, house number, colonia (neighborhood), borough, city, state and postal code.
0	1	0	13	Many are confused by the fact that the house number comes after the street name, unlike in the US and many other countries where the number precedes the street.
0	1	0	13	Sometimes addresses are instead given based on an intersection ("esquina de/con ..."), or on a street where a place is located and the two streets between which it is located ("... entre calles ... y ...").
0	1	0	13	It is good to point out that streets can frequently change names, long avenues are split into sections (such as Insurgentes into Insurgentes Norte, Centro and Sur), and street numbering is not always in order, especially in poorer neighbourhoods.
0	1	0	13	In Mexico City, streets within a neighbourhood often follow a certain theme, such as Latin American countries in the Centro Histórico, European cities in the Zona Rosa or intellectuals in Polanco.
0	1	0	13	A typical address could be something like this: Colima 15, Colonia Roma Norte, Delegación Cuauhtémoc, México, Distrito Federal, 06760.
0	1	0	13	Here, "México" refers to the city and not the country.
0	1	0	13	The order is pretty standard except for the position of the postal code.
0	1	1	14	For the avid photographer, there are a few pointers to keep in mind.
0	1	0	14	The city is paranoid about cameras and especially about tripods.
0	1	0	14	You might be asked to delete pictures, even if they were taking from a public space.
0	1	0	14	You are not allowed to use a tripod in any ticketed place, such as museums, the metro stations, and architectural ruins.
0	1	0	14	You will be politely asked to hold your camera in your hands.
0	1	0	14	Apparently, it has something to do with being a professional.
0	1	0	14	Memory cards can easily be found at several locations, including at Radio Shack, Office Depot, Office Max, Best Buy or Wal-Mart.
0	1	0	14	Prices tend to be on the high end, but they are still affordable.
0	1	0	14	You could also try some of the places that are dedicated to selling photographic equipment, they are easily identifiable by the street signs for well known brand names.
0	1	0	14	It is not unusual, however, for high-end camera retailers to offer few if any accessories.
0	1	0	14	You can print your photos at most of the major pharmacy chains around town, look for Farmacias Benavides, Farmacias Guadalajara or Farmacias del Ahorro (with a white 'A' inside a red circle).
0	1	0	14	Prices differ from store to store.
0	1	0	14	Also, while near the Zocalo on the street Republica de Brasil, many people standing on the side of the sidewalk will verbally advertise "imprentas."
0	1	0	14	They are offering stationery printing services, not photographic printing.
0	1	0	14	For people who love to do street photography, a good place to start is in front of the Bellas Artes square, during afternoons.
0	1	0	14	There is a smörgåsbord of faces cutting across the square and perching on one of the benches for an hour that will easily give you access to photography fodder.
0	1	0	14	Many urchins and ethnic street dwellers have learned to ask for money before allowing you to shoot them.
0	1	0	14	Sympathize and accept it as it is worth it.
0	1	0	14	Some museums, like the Museum of National History in the Chapultepec, charge an extra fee for those with video cameras.
0	1	0	14	Also in most museums, flash photography is not permitted.
1	2	1	15	Most travellers arrive to Mexico City by air, to Benito Juárez International Airport, located in the eastern part of the city.
0	2	0	15	This is the most convenient airport to most parts of the Mexico City area.
0	2	0	15	From the airport, downtown hotels can be as close as 15 minutes by taxi if traffic is light (which it rarely is).
0	2	0	15	A bus terminal inside the airport makes for easy connections to nearby cities.
0	2	0	15	With brand new facilities for commercial flights, this airport opened to the public in Spring 2022.
0	2	0	15	The airport has long been the Mexican Air Force's busiest facility.
0	2	0	15	It has historically been known as Santa Lucia Military Base (and still operates as an active military base), but is now part of the region's transportation solution to alleviate congestion at MEX.
0	2	0	15	Like most airports in Mexico, nobody actually uses the long official name of an obscure government figure, but rather, the Chilangos simply call this airport "Santa Lucia", or often by the abbreviation "AIFA" (as opposed to "AICM", which denotes Benito Juarez/Mexico City International).
0	2	0	15	While constructing the new passenger facilities, workers uncovered several woolly mammoth remains, which are now housed in the beautiful new Museo Paleontologico Santa Lucia Quinametzen (inside the airport facility).
0	2	0	15	If you have a spare hour or two between flights, a visit would be time well spent.
0	2	0	15	NLU is served by Aeromexico, Volaris, and Viva Aerobus for destinations throughout Mexico, and by Venezuelan carrier Conviasa for flights to Caracas.
0	2	0	15	Flying to this airport could (maybe) save you some money over flying to MEX.
0	2	0	15	Skyscanner and Google Flights don't include the Felipe Ángeles airport if you look for flights to/from Mexico City.
0	2	0	15	Instead you need to specifically type in this airport.
0	2	0	15	kiwi.com does include this airport when typing in Mexico City.
0	2	0	15	When booking flights to Mexico City on other sites (such as Kayak), be aware that they sometimes show results that mix NLU and MEX arrivals and departures, so check your reservations before ordering an Uber to the wrong airport.
0	2	0	15	NLU is the main hub for the newly re-launched Mexicana airlines, which offers flights to major destinations throughout Mexico.
0	2	0	15	(More flights and routes will be offered after December 3, 2023 when the new Tulum International Airport (TQO IATA) opens as the second hub for Mexicana.
0	2	0	15	Like most outlying airports, NLU is not as convenient for travelers as MEX.
0	2	0	15	The airport is 49km (30 miles) from the city and only limited public transportation is available (Take Metro to the Ciudad Azteca station, look for the Terminal de Pasajeros bus stop where you can connect to a Mexibus to the airport).
0	2	0	15	Allow at least 90 minutes from the airport to downtown.
0	2	0	15	This airport, known locally as Toluca International Airport, is in the city of Toluca 50 km southwest of Mexico City.
0	2	0	15	There are very limited flights into Toluca: only scheduled flights by VivaAerobus to Cancún as of March 2022.
0	2	0	15	Reaching the Toluca airport from the West of Mexico City (such as Santa Fe) is easy, but it can be time-consuming to do so from the rest of Mexico City.
0	2	0	15	MEX remains the best bet for most passengers to or from Mexico City.
0	2	0	15	But NLU and TLC might work better for some travelers.
0	2	0	15	Depending on your overall trip, it might also be worth considering flying to nearby cities as Puebla (PBC IATA), Querétaro (QRO IATA) or Cuernavaca (CVJ IATA), but reaching Mexico City from these places could be quite time-consuming and tiresome.
0	2	1	16	You can have a look for shared rides on Blablacar.
0	2	0	16	These are around 30-50% cheaper than first-class intercity buses.
0	2		16	Prices are approximately as of January 2022:  • Cuernavaca – M$80  • Puebla – M$120  • Querétaro – M$190  • Morelia – M$290
0	2	1	17	Being the national transportation hub there are various bus lines going into and out of Mexico City in all directions, from/to around the country at varying distances.
0	2	0	17	Some of the bus companies come from the surrounding states of Mexico, Hidalgo, Puebla and Guerrero while others come from all over the nation to as far as the U.S border in the north and the Guatemalan border to the south.
0	2	0	17	Most foreigners coming into the country would most likely fly in but it's also possible to travel to Mexico City by bus from various cities in the U.S. and from Panama, through the Central American isthmus.
0	2	0	17	The city has four major bus stations based on the compass points.
0	2	0	17	They are:
0	2	0	17	There are many other smaller bus stations, which serve fewer destinations but can be very useful if you wish to avoid congestion or are traveling to/from the outer parts of Mexico City.
0	2	0	17	Some of these are:
0	2	0	17	The below are some of the major bus companies serving Mexico City at one or several bus stations.
0	2	0	17	Some offer service to/from both terminals at the airport (aeropuerto).
0	2	0	17	See the addresses in the below listings and the links to the company's website as to where they go to in Mexico City:
0	2	1	18	The Ferrocarril Suburbano is a commuter rail system that connects downtown Mexico City with northern Mexico State municipalities.
0	2	0	18	Service is provided on the Buenavista-Teotihuacan line (Blue), and the Buenavista-Cuauhtitlan line (Red).
0	2	0	18	A third line (Green) connects Nezahualcyotl to Chalco.
0	2	0	18	Communities served include Tultitlán, San Rafael, and Tlanepantla.
0	2	0	18	Buses connect rail stations to nearby neighborhoods.
0	2	0	18	Plans are underway to build a rail line connecting Ferrocarril Suburbano Line 1 with the Santa Lucia Airport (NLU).
0	2	0	18	Fares range from M$6.50 to M$15.50 (Jan 2023), depending on distance.
0	2	0	18	You must buy a rechargable fare card to ride the train and fare cards for the Metro or the Tren Ligero do not work with Ferrocarril Suburbano (you have to buy a separate card).
0	2	0	18	A rechargable card costs M$30, M$17 of which is an initial credit for fares.
0	2	0	18	When you run out of money on your card, use the machines at rail stations to add funds.
0	2	0	18	Additionally, a new intercity passenger line from Toluca is under construction and is expected to be completed in late 2023.
0	2	0	18	It will terminate at Observatorio metro station.
0	2	1	19	Mexico
0	2	0	19	City is a huge place, but driving is definitely not a way to see it even if tourist attractions are scattered throughout the city.
0	2	0	19	A good way to plan your trip is to stop by Guia Roji to identify the location of the "Colonias" (neighborhoods) you intend to visit.
0	2	0	19	You may also try Google Maps, to find addresses and even look for directions.
0	2	1	20	Mexico City has several public transport alternatives.
0	2	0	20	The city government operates the Metro and Metrobús bus rapid transit (BRT) system, which are cheap and reliable but can be very crowded during rush hour.
0	2	0	20	It also operates a light rail line, RTP bus system and electric trolleybuses.
0	2	0	20	There are also plenty of franchised private buses, minibuses and vans, known as peseros and combis, which are less reliable and safe but reach more destinations.
0	2	0	20	In the metropolitan area, there is a commuter train line and the Mexibús bus rapid transit system, but most destinations are only served by private minibuses and vans.
0	2	0	20	For a handy route planner, try ViaDF.
0	2	1	21	There are also thousands of taxis, now painted in white and magenta.
0	2	0	21	Official taxis have a red box in the center lower area of their license plates that reads TAXI.
0	2	0	21	Only use these taxis, sitio taxis or have a hotel call you a taxi for safety reasons.
0	2	0	21	If you have a smartphone and internet access, the ridesharing services Uber and Cabify can also be used, with the added advantage that you can put your destination beforehand and pay with a credit card.
0	2	0	21	Google Maps and Apple Maps can plan routes using a car or the city-operated public transport (excluding private buses).
0	2	1	22	There are at least two other websites available for planning trips within the city.
0	2	0	22	Buscaturuta ("Busca Tu Ruta," or "Find Your Route"), which serves all of Mexico, uses a Google Maps interface and allows you to search with incomplete addresses.
0	2	0	22	It will give you options for traveling by public transit, taxi, car, or bicycle.
0	2	0	22	Some mobile apps exist to help users navigate the public transportation system.
0	2	0	22	Metroplex DF is one such option (iOS only).
0	2	0	22	Uber, Cabify and Didi are available.
0	2	0	22	Beat offers electric cars (Beat Zero) for a similar price to Uber, and Teslas for a higher fee.
0	2	0	22	The app Yaxi allows you to order a safe regular taxi to your location.
0	2	0	22	Moovit and Google Maps show you a way through the city.
0	2	0	22	Both cover the buses and the metro trains.
0	2	0	22	Moovit has more bus lines and bus stops covered.
0	2	1	23	The metro is relatively quick and efficient, especially as an alternative to taxis during rush hours when the streets are essentially parking lots.
0	2	0	23	The metro trains run every couple of minutes, so if you just miss it, you won't have long to wait until another arrives.
0	2	0	23	Operating hours are from 5AM to midnight on weekdays (starts at 6AM on Saturday and 7AM on Sunday).
0	2	0	23	A last train leaves every terminal station at midnight.
0	2	0	23	Tickets for one trip with unlimited transfers within the system cost M$5 (Jan 2018).
0	2	0	23	Instead of buying individual tickets (and queuing), you may opt for a multi-use rechargeable smart card.
0	2	0	23	These smart cards can be used in the Metro, Metrobús and Tren Ligero.
0	2	0	23	The Metro is quite safe, but there are a few incidences of pickpocketing every day.
0	2	0	23	Keep your belongings close to you; if you have bags, close them, keep them in sight and you won't have any problems.
0	2	0	23	Here are a few of the commonly-used Metro signs translated into English:
0	2	0	23	The Sistema de Transporte Colectivo, known as the Metro, is one of the largest and most patronized subway systems in the world, with 12 lines that measure more than 190 km (120 mi) and carry 4.4 million people every day.
0	2	0	23	You'll quickly see how busy it is, particularly lines 1, 2 and 3 and during the morning (7AM-9AM) and afternoon (5PM-7PM) rush hours: trains are often filled to significantly over capacity, and sometimes it will be hot and uncomfortable.
0	2	0	23	It can get loud in the trains due to the noise of the wheels and due to conversation, vendors or people blasting their music (see below).
0	2	0	23	Stations usually have food stalls inside and outside the entrances, and many have city-sponsored exhibits and artwork on display, so it's good even for a look around.
0	2	0	23	If you missed the food stalls getting on the train, people selling all kinds of things are available in the trains as well.
0	2	0	23	Just don't count on them selling things you need when you need them.
0	2	0	23	The Metro can be the quickest way to travel longer distances within the city - especially if your origin and departure points align with metro stops.
0	2	0	23	Although the Metro lacks informational signs in English, the system was designed with illiteracy in mind, so finding your way around should not be a problem.
0	2	0	23	Lines are defined by number but also by a color, and that color runs as a thematic band across the entire station and along the entire route, so you always know what line you are on.
0	2	0	23	Stations are identified by name but also by a pictorial icon that represents that area in some way.
0	2	0	23	Entire maps of the Metro system are posted around ticket booths and on platforms, but not always inside trains.
0	2	0	23	Neighborhood maps around every station are also available near the ticket booths.
0	2	0	23	Some lines run through more tourist-related spots than others and will become very familiar to you after a while.
0	2	0	23	Line 1 (pink) runs through many tourist spots, such as the Centro Histórico (Salto del Agua, Isabel la Católica and Pino Suárez), the Chapultepec Forest (Chapultepec), Condesa and Roma neighborhoods (Insurgentes and Sevilla) and the West (Observatorio) and East (San Lázaro) Bus Stations.
0	2	0	23	Line 2 (blue) runs through the Centro Histórico (Allende, Zócalo and Bellas Artes) and reaches the South Bus Station (Tasqueña).
0	2	0	23	Line 3 (green) runs near Coyoacán (Coyoacán and Miguel Ángel de Quevedo) and also near the University City (Copilco and Ciudad Universitaria).
0	2	0	23	If traveling to and from the airport, you'll want to use Line 5 (yellow) to connect to the Mexico City International Airport (Terminal Aérea, and not Boulevard Puerto Aéreo of line 1, which is 1 km away but is still colloquially called Aeropuerto).
0	2	0	23	The North Bus station is also served by Line 5 at Autobuses del Norte.
0	2	0	23	Line 6 (red) runs east-west through the north of the city and passes by the Basílica de Guadalupe (La Villa - Basílica).
0	2	0	23	Line 7 (orange) runs through many touristic spots such as the Chapultepec Forest (Auditorio) and the Polanco neighborhood (Polanco).
0	2	0	23	Line 8 (green) crosses the Centro Histórico north-south (Salto del Agua, San Juan de Letrán, Bellas Artes and Garibaldi).
0	2	0	23	Line 9 (brown) runs near the Condesa neighborhood (Chilpancingo).
0	2	0	23	Each platform has a large sign indicating towards which direction that train heads.
0	2	0	23	For example, if you are travelling on Line 1 from Insurgentes to Pino Suárez stations, you are heading in the direction of the Pantitlán terminus ("Dirección Pantitlán").
0	2	0	23	On your return trip, you would be heading in the direction of the Observatorio terminus ("Dirección Observatorio").
0	2	1	24	As you enter a Metro station, look for the ticket booth.
0	2	0	24	There might be a short queue for tickets, and to avoid having to always stand in line, many people buy a small handful of tickets at a time.
0	2	0	24	A sign is posted by the ticket window that shows how much it would cost for any number of tickets.
0	2	0	24	Once you approach the agent, simply drop some money into the tray and announce (in Spanish) how many tickets you would like (uno for M$5, cinco for M$25, diez for M$50, and so on).
0	2	0	24	You do not need to say anything about where you are going, since fares are the same for everywhere in the system.
0	2	0	24	For buying a smart card, at the same window you buy tickets, ask for a tarjeta.
0	2	0	24	There may be a minimum amount for your initial balance.
0	2	0	24	To use the card, simply hold the card next to the white card reader at any turnstile.
0	2	0	24	The cost of a single fare will be deducted and the remaining balance will show on the card reader display.
0	2	0	24	You can ask for a recharge (recargar) at any ticket window to supplement your card's balance.
0	2	0	24	If you don't speak Spanish, it might be easier to buy a card at the machines in the Metrobús or Tren Ligero stations rather than in a Metro station ticket booth.
0	2	0	24	Once you have your ticket (boleto) or card, it is time to go through the turnstiles.
0	2	0	24	The stiles are clearly marked for exit or entry but if you are confused, follow the crowd.
0	2	0	24	Insert the ticket into the slot (it does not matter which direction is up or forward) or put your card against the card reader above.
0	2	0	24	You won't get the ticket back.
0	2	0	24	Some turnstiles are only for smart card holders, which are marked with solo tarjeta.
0	2	1	25	Past the turnstiles, signs that tell you where to go depending on your direction within the line are usually clearly marked, as are signs that tell you where to transfer to a different line.
0	2	0	25	There is no standard station layout, but they are all designed to facilitate vast amounts of human traffic, so following the crowd works well, as long as you double check the signs to make sure the crowd is taking you in the same direction.
0	2	0	25	On the platform, try to stand near the edge.
0	2	0	25	During rush hours when it can get pretty crowded, there is sometimes a mad rush on and off the train.
0	2	0	25	Although for the most part people are respectful and usually let departing passengers off first, train doors are always threatening to close and that means you need to be moderately aggressive if you don't want to get left behind.
0	2	0	25	If you're traveling in a group, this could mean having to travel separately.
0	2	0	25	At the ends of the platform, the train is usually less crowded, so you could wait there, but during rush hours some busier stations reserve those sections of platform exclusively for women and children for their safety.
0	2	0	25	If this is the case, there will be a police officer blocking the way.
0	2	0	25	While on the train, you will see a steady stream of people walking through the carriages announcing their wares for sale.
0	2	0	25	Act as if you are used to them (that is, ignore them, unless they need to pass you).
0	2	0	25	Most often you'll see the city's disadvantaged population make their living by begging or selling pirate music CDs, blaring their songs through amplifiers carried in a backpack.
0	2	0	25	There are people who "perform" (such as singing, or repeatedly somersaulting shirtless onto a pile of broken glass) and expect a donation.
0	2	0	25	There are also people who hand out pieces of paper, candy or snacks between stops, and if you eat it or keep it you are expected to pay for it; if you don't want it, they'll take it back before the next stop.
0	2	0	25	It can be quite amusing, or sad at times, but don't laugh or be disrespectful... this is how they make a living.
0	2	0	25	The best thing to do is to observe how others around you behave, but you can usually just avoid eye contact with these merchants and they will leave you alone.
0	2	1	26	If the merchants weren't enough, the trains are usually just crowded places to be.
0	2	0	26	You will usually not get seats if you are traveling through the city center during the day, and even if you do, it's considered good manners to offer your seat to the aged, pregnant or disabled, as all cars have clearly marked handicap seats.
0	2	0	26	In keeping with the mad rush on and off the train, people will move toward the exits before the train stops, so let them through and feel free to do the same when you need to (a con permiso helps, but body language speaks the loudest here).
0	2	0	26	Women have complained of being groped on extremely crowded trains; this is not a problem on designated women's wagons, or any other time than rush hour.
0	2	0	26	If theft or any other sort of harassment do occur, you can stop the train and attract the attention of the authorities by pulling on alarms near the doors, which are labeled señal de alarma.
0	2	0	26	When exiting, follow the crowd through signs marked Salida.
0	2	0	26	Many stations have multiple exits to different streets (or different sides of streets, marked with a cardinal direction) and should have posted road maps that show the immediate area with icons for banks, restaurants, parks and so forth.
0	2	0	26	Use these to orient yourself and figure out where you need to go.
0	2	0	26	A good tip is to remember what side of the tracks you are on, these are marked on such maps with a straight line the color of the metro line you are traveling.
0	2	1	27	There are two kinds of buses.
0	2	0	27	The first are full-sized buses operated by the Mexico City Government known as RTP and Ecobús.
0	2	0	27	Regular RTP routes cost M$2 anywhere you go, while Express RTP routes cost M$4 and the Ecobús costs M$5.
0	2	0	27	Most buses have coin boxes, in which case you should have the exact fare (or be willing to deposit more than your fare) and put the money in the box.
0	2	0	27	If there isn't a coin box, give the money to the driver.
0	2	0	27	RTP buses are orange and green, while Ecobús buses are all green.
0	2	0	27	The second kind of buses are known as microbuses or peseros.
0	2	0	27	These buses are private-run and come in small and bigger sizes.
0	2	0	27	Newer peseros look like regular buses but are painted in white and purple, while older ones are ominous looking and painted in green and grey.
0	2	0	27	Smaller peseros cost M$4 for shorter trips, M$4.50 for 6–12 km trips and M$5 for trips longer than 12 km.
0	2	0	27	Full-sized private buses are M$5 for shorter trips, and M$6 for longer trips.
0	2	0	27	All buses are supposed to stop at bus stops, but microbuses are usually willing to stop anywhere as long as there are no police nearby.
0	2	0	27	In the inner city, bus stops are usually small bus shelters with metal seats.
0	2	0	27	In other areas, they might be unmarked and you can reasonably assume that a bus will stop just before a big intersection.
0	2	0	27	Routes are also very complex and flexible, so be sure to ask someone, perhaps the driver, if the bus even goes to your destination ("va a ...?"), before getting on.
0	2	0	27	Also, though the locals hang off the sides and out the doors, it is generally not recommended for novices.
0	2	0	27	Riding RTP buses is safer and more comfortable than the private franchised and smaller microbuses, which are more prone to robbery and often have terrible driving habits.
0	2	0	27	All buses display signs on their windshields which tell major stops they make, so if you want to take a bus to a metro station, you can just wait for a bus that has a sign with an M followed by the station name.
0	2	0	27	Buses can be packed during rush hours, and you have to pay attention to your stops (buses make very short stops if there's just one person getting off, so be ready), but they are very practical when your route aligns with a large avenue.
0	2	0	27	There's usually a button above or close to the rear door to signal that you're getting off; if there isn't one, it's not working, or you can't get to it, shouting Bajan!
0	2	0	27	(pronounced "BAH-han") in a loud and desperate voice usually works.
0	2	1	28	The Metrobús is a Bus Rapid Transit (BRT) system that operates seven routes (líneas) in dedicated lanes along Insurgentes, Eje 4 Sur, Eje 1 Poniente (Cuauhtémoc/Vallejo), Eje 3 Oriente, Eje 5 Norte Avenues, and Ave Paseo de la Reforma.
0	2	0	28	Line 1 is convenient for the Condesa/Roma area, Line 3 for Del Valle and the Centro Histórico and Line 4 has a route to/from the airport (with stops at terminals 1 and 2) that passes through the Centro Histórico.
0	2	0	28	The Metrobús is safe but can be crowded.
0	2	0	28	Most routes cost M$6 (April 2022) to ride, while buses to/from the airport cost M$30 (Nov 2021).
0	2	0	28	In order to ride, you need a refillable smart card that must be bought in advance (M$16, including one fare).
0	2	0	28	These cards can be used at the Metro and Tren Ligero as well.
0	2	0	28	Lines 1, 2, 3, 5 and 6 have enclosed stations with turnstiles where you pay.
0	2	0	28	There are card vending machines at these stations.
0	2	0	28	Line 4 has regular bus stops and you pay when boarding the bus.
0	2	0	28	Cards are thus not sold there, but can be bought/recharged at convenience stores along the route.
0	2	0	28	If you are just arriving and want to take the Metrobús from the airport, you can buy the card at the 7-Eleven shops in both terminals.
0	2	0	28	The Metrobús has stops approximately every 500m.
0	2	0	28	Expect Line 1 to be crowded around the clock and other Lines to be crowded during rush hour, but it's a great way to move around very rapidly.
0	2	0	28	There are branches in each route, buses that take multiple lines and buses that do not go all the way from terminal to terminal, so you must check the correct door to take the bus in your direction, as well as the bus' billboard before boarding to see which is the last stop they will visit.
0	2	0	28	There are reserved boarding areas at the front of every bus (indicated on the platforms) for women, the handicapped and the elderly.
0	2	0	28	The Mexibús is a similar system covering areas of the State of Mexico (in the metropolitan area).
0	2	0	28	There are 3 lines, all of which cost M$6 but use different smart cards.
0	2	0	28	The Mexibús is reasonably safe, but pickpocketing and robbery do sometimes occur.
0	2	1	29	Trolleybuses are operated by the Electric Transport Services.
0	2	0	29	There are 15 trolley bus lines that spread around for more than 400 km.
0	2	0	29	They usually do not get as crowded as regular buses, and they are quite comfortable and reliable.
0	2	0	29	They have lower frequencies and can be a little slower than regular buses, since they are unable to change lanes as quickly.
0	2	0	29	There is a flat fare of M$2 on most lines and M$4 on the Eje Central, Eje 2 Sur and Eje 7 Sur lines.
0	2	0	29	You pay in a coin box and bus drivers do not give out change.
0	2	0	29	For tourists, the Eje Central line (Line A) is useful to go between the North and South bus stations or between these stations and the Centro Histórico.
0	2	0	29	The ' consists of one single line that runs to Xochimilco, south of the city, from the Tasqueña Metro Station (Line 2, blue; alternatively you may see it spelled as Taxqueña).
0	2	0	29	For tourists, it is useful if you plan to visit Xochimilco, the Dolores Olmedo Museum, the Anahuacalli Museum or the Azteca Stadium.
0	2	0	29	The ticketing system works very similarly to the Metro, but the tickets are different.
0	2	0	29	Tickets are sold at most stations along the line.
0	2	0	29	Where they aren't, there is always a police officer guarding the entrance, next to whom there is a coin box where you can deposit the fare in coins (exact change or pay extra).
0	2	0	29	You can also use the same smart card as in the Metro and Metrobús.
0	2	1	30	The cablecar is not specifically made for tourists.
0	2	0	30	It starts from the metro station Indio Verdes.
0	2	0	30	The ride until the first stop goes along a street avenue for about 7 minutes.
0	2	0	30	Then the cable car passes a highway.
0	2	0	30	After the second stop it only goes through a rather poor neighborhood with grey houses far and wide.
0	2	0	30	It's not recommended to leave the cable car stations and stroll around due to safety.
0	2	0	30	If you have never taken a cablecar inside a city, here is your chance.
0	2	0	30	The price is M$7 (April 2022).
0	2	1	31	There are more than 250,000 registered cabs in the city and they are one of the most efficient ways to get around.
0	2	0	31	The prices are low, a fixed fee of about M$8.6 to get into the cab, and about M$1.14 per quarter kilometer or 45 seconds thereafter, for the normal taxis (taxi libre).
0	2	0	31	The night rates, supposedly between 11PM at night and 6AM in the morning are about 20% higher.
0	2	0	31	Some taxis "adjust" their meters to run more quickly, but in general, cab fare is cheap, and it's usually easy to find a taxi.
0	2	0	31	At night, and in areas where there are few taxis, cab drivers will often not use the meter, but rather quote you a price before you get in.
0	2	0	31	This price will often be high, however, you can haggle.
0	2	0	31	They will tell you that their price is good because they are "safe".
0	2	0	31	If you don't agree on the price, don't worry as another cab will come along.
0	2	0	31	Although safety has substantially improved, catching cabs in the street may be dangerous.
0	2	0	31	Taxi robberies, so-called "express kidnappings", where the victim is robbed and then taken on a trip to various ATMs to max out their credit cards, do sometimes occur, but there are some general precautions that will minimize the risk:
0	2	0	31	Mexico
0	2	0	31	City is so large, and many street names so common that cab drivers are highly unlikely to know where to go when you give only a name or address of your destination.
0	2	0	31	Always include either the name of the colonia or the district (i.e. "Zona Rosa"), as well as any nearby landmarks or cross streets.
0	2	0	31	You will probably be asked to give directions throughout or at least near the tail end of the journey; if either your Spanish or your sense of direction is poor, carry a map and be prepared to point.
0	2	0	31	The two most common recommendations for a safe cab riding experience are to make sure you take an official cab, and to notify a person you trust of the license plate number of the cab you are riding.
0	2	1	32	The Turibus is a sightseeing hop-in hop-off bus that is a good alternative to see the city if you don't have too much time.
0	2	0	32	The one-day ticket costs M$140 Monday-Friday and M$165 Saturday-Sunday.
0	2	0	32	Children are half-price.
0	2	0	32	Your ticket is valid for all routes.
0	2	0	32	Runs 365 days a year.
0	2	0	32	Its main route includes the Zona Rosa, Chapultepec Park, Polanco, Condesa, Roma and the Historic Center.
0	2	0	32	There are three secondary routes running South, West and North.
0	2	0	32	The South route runs from Fuente de la Cibeles in Condesa to Coyoacan and Xochimilco.
0	2	0	32	The West route (Circuito Polanco) runs between Polanco and Chapultepec.
0	2	0	32	The North route (Circuito Basílica) goes to Tlatelolco and the Basilica de Guadalupe.
0	2	0	32	The new Capitalbus has a similar service.
0	2	0	32	It has a central route that includes the Centro Histórico, Reforma and Polanco, as well as a route west to the Santa Fe business district, and a North route to the Basílica de Guadalupe and various churches.
0	2	0	32	Tickets cost M$130 for 6 hours, M$140 for 24 hours Monday-Friday, M$180 for 24 hours (Saturday-Sunday) and M$250 for 48 hours.
0	2	0	32	Buses have Wi-fi.
0	2	0	32	If you get absolutely lost and you are far away from your hotel, hop into a pesero (mini bus) or bus that takes you to a Metro station; most of them do.
0	2	0	32	Look for the sign with the stylized metro "M" in the front window.
0	2	0	32	From there and using the wall maps you can get back to a more familiar place.
0	2	0	32	The Metro stops running around midnight-ish and if you get lost late at night, taking a taxi is probably your best bet.
0	2	1	33	Driving around by car is the least advised way to visit the city due to the complicated road structure, generally reckless drivers, and the 5 million vehicles moving around the city.
0	2	0	33	Traffic jams are almost omnipresent on weekdays, and driving from one end of the city to the other could take you between 2 and 4 hours at peak times.
0	2	0	33	The condition of pavement in freeways such as Viaducto and Periférico is good, however in avenues, streets and roads varies from fair to poor since most streets have fissures, bumps and holes.
0	2	0	33	Most are paved with asphalt and some used to be paved using concrete.
0	2	0	33	Since the city grew without planned control, the street structure resembles a labyrinth in many areas.
0	2	0	33	Also, traffic laws are complex and rarely followed, so driving should be left to only the most adventurous and/or foolhardy.
0	2	0	33	Driving can turn into a really challenging experience if you don't know precisely where are you going.
0	2	0	33	Google Maps and Apple Maps have good maps of the city.
0	2	1	34	Street parking (Estacionamiento in Spanish) is scarce around the city and practically nonexistent in crowded areas.
0	2	0	34	Some areas of the city such as Zona Rosa, Chapultepec, Colonia Roma and Colonia Condesa have parking meters on the sidewalks which are free on certain days and hours (depending on the location).
0	2	0	34	It is possible to park in other streets without meters but is likely there will be a "parking vendor" (Franelero in Spanish) which are not authorized by the city, but will "take care of your car".
0	2	0	34	Some of these fellows will "charge" you when you arrive, the best advice is to pay if you want to return to find your car undamaged.
0	2	0	34	Hoy No Circula (Today You Do Not Drive) is an important anti-traffic and anti-pollution program that all visitors including foreigners must take into consideration when driving anywhere in Mexico City or Mexico State.
0	2	0	34	The law applies to all vehicles, including those with foreign plates.
0	2	0	34	It limits vehicle circulation to certain hours during the day or certain days depending on the previous days' pollution levels, how new your car is, the last digit of your plate number (plates with all letters are automatically assigned a digit) and whether the car has passed the bi-yearly emission controls.
0	2	0	34	Newer and electric vehicles (which are usually the case for rentals) have a 00 or 0 hologram sticker and are exempted from most regulations.
0	2	0	34	The "no circula" driving restrictions apply between 5am and 10pm.
0	2	0	34	If your plate begins with...
0	2	0	34	If you rent a car in Mexico City or Mexico State, check the window stickers.
0	2	0	34	If you have a hologram of 0, the car is exempt from "no circula" restrictions.
0	2	0	34	If you have a hologram of 1, the car can not drive on the first and third Saturday in addition to the days restricted by the license plate number.
0	2	0	34	If you have a hologram of 2, the car can not drive on any Saturday in addition to the days restricted by the license plate number.
0	2	0	34	If the "Hoy No Circula" policies seem complicated, don't drive.
0	2	1	35	You should take into consideration the following tips when driving: avenues have preference over streets and streets over closed streets.
0	2	0	35	Continuous right turns even when traffic light red are not allowed from 2016.
0	2	0	35	Seat belts are mandatory for all seats.
0	2	0	35	Police generally drive with their lights on, but if you're stopped by a police car, it is likely they will try to get money out you.
0	2	0	35	It is up to you if you accept to give a bribe, but never offer one directly.
0	2	0	35	Fines are usually cheap and can be paid at banks, supermarkets and convenience stores.
0	2	1	36	Cycling in most parts of Mexico City is difficult.
0	2	0	36	Distances are long, many roads are wide, car drivers are aggressive and traffic can be hectic.
0	2	0	36	However, the city government is making a serious effort to make cycling more attractive, installing dedicated cycle lanes along several main streets, including Reforma and around Chapultepec Park.
0	2	0	36	Bicycle parking is available in/around most metro stations (such as Auditorio) and the central city.
0	2	0	36	Cycling along dedicated lanes and smaller streets feels safe enough.
0	2	0	36	For more recreational cycling, the government closes off Reforma every Sunday morning for strollers, cyclists and other non-motorised transport.
0	2	0	36	One Sunday a month, there is a much longer route.
0	2	0	36	Other nice places to cycle include Chapultepec Park and the cycling path installed on the former railway line to Cuernavaca, which passes through Polanco and Lomas and reaches all the way to the Morelos state limits.
0	2	0	36	Bicycles can be taken in the Metro and Tren Ligero on Sundays.
0	2	1	37	Unfortunately, although public transport is frequent and reliable, taxis blanket the city, and Uber comes almost instantly, the traffic and crowds in the central neighborhoods (Chapultepec, Zona Rosa, Centro Historico) are so intense that at rush hour (most of the day) walking is about as fast as any of those options.
0	2	0	37	The good news is that streets have sidewalks, the center is safe during the day, and you can be assured of finding something interesting on every block.
0	2	0	37	The bad news is that this area is nearly 10 km across, so you may want to hop on a bus just to take the weight off your feet.
1	3	1	38	Downtown Mexico City has been an urban area since the foundation of Tenochtitlán in 1325, and the city is filled with historical buildings and landmarks from every epoch since then.
0	3	0	38	It is also known as the City of Palaces, because of the large number of stately buildings, especially in the Centro.
0	3	0	38	Mexico City has three World Heritage Sites: the Centro Histórico and Xochimilco, the house of architect Luis Barragán and the University City campus of UNAM.
0	3	0	38	In addition, Mexico is one of the cities with the largest number of museums in the world.
0	3	1	39	Mexico
0	3	0	39	City is full of various plazas and parks scattered through every neighborhood, but the following are some of the biggest, prettiest, most interesting, or best-known.
0	3	0	39	Many visitors to Mexico City are surprised to find that the city includes large tracts of open land intended to preserve some of the natural resources of the region.
0	3	0	39	These parks offer natural scenery, historical landmarks, and recreational opportunities including hiking, mountain biking, and camping.
0	3	0	39	Public transit is generally not a reliable way to reach these parks, but taxis or private drivers can get you there.
0	3	0	39	Several Mexico national parks lie within the valley of Mexico, but two are particularly noteworthy for travelers to Mexico City:
0	3	1	40	Mexico is the city with the largest number of museums in the world, to name some of the most popular:
0	3	0	40	As the world's second largest city, Mexico City offers something for everyone and for every budget.
0	3	0	40	Attractions in Mexico City focus less on lazing on the beach (there are no beaches in Mexico City!) and more on exploring the culture and urban culture of Mexico.
0	3	0	40	The typical "must-see" sites for the foreign visitor are the sites of interest in and around Centro Historico and Chapultepec Park, a visit to the ruins of Teotihuacan in the outskirts of the City and probably a visit to Xochimilco, though there are many other things to see if you have time to really explore.
0	3	1	41	If you're into sports, then Mexico City has plenty to offer.
0	3	0	41	Soccer is the national sport and Mexicans go crazy about it.
0	3	0	41	The city was host to two FIFA world cups, one in 1970 and the other in 1986.
0	3	0	41	Another important sport in Mexico City is baseball, with many Mexicans playing professionally in the US.
0	3	0	41	The city was the first in Latin America to host an Olympics, doing so in 1968; the majority of the city's sport facilities were built for that event.
0	3	0	41	Lucha libre (loosely translated as "free fighting") is the term for the style of professional wrestling that developed in Mexico.
0	3	0	41	Due to its affordable and entertaining nature, it is a favorite pastime throughout the country.
0	3	0	41	While similar to professional wrestling elsewhere in that the outcomes are predetermined, it developed quite differently from wrestling in the rest of the world.
0	3	0	41	Wrestlers, known in Mexico as luchadores (female: luchadoras), tend to work much faster than those in the rest of North America, employing complex chains of moves, numerous high-flying maneuvers, and often-realistic submission holds.
0	3	0	41	Also, rings in Mexico often lack the spring supports used in many other countries, which means that wrestlers typically don't take falls landing on their back as they often do elsewhere.
0	3	0	41	More often than not, aerial moves involve wrestlers launching themselves outside of the ring at their opponents, allowing them to break the fall by tumbling.
0	3	0	41	Finally, Mexican wrestling has far more weight classes than in other countries.
0	3	0	41	Another hallmark of lucha libre is the emphasis on tag team matches, which are most often made up of three-wrestler teams instead of the pairs that are common elsewhere.
0	3	0	41	Rules for tag team matches are also significantly different.
0	3	0	41	Perhaps the most distinctive feature of lucha libre is the colorful masks worn by many performers.
0	3	0	41	While the concept of the wrestling mask was borrowed from the U.S., it has become infused with the role that masks have long played in Mexican culture.
0	3	0	41	Almost all luchadores will begin their careers wearing them, but most will lose their masks at some point in their careers.
0	3	0	41	The biggest matches in lucha libre are luchas de apuestas ("betting fights"), in which wrestlers will bet their masks, hair, or even their careers on the outcomes.
0	3	1	42	Like many other things in the country, Mexico City has the largest concentration of universities and colleges, starting with the UNAM, one of the finest in Latin America and the second oldest university in the American continent, founded in 1551.
0	3	0	42	Some of the most renowned universities in the city include:
0	3	0	42	You can learn Spanish in Mexico City as there are various schools offering courses for foreigners, for example:
0	3	1	43	Mexico has very strict immigration laws.
0	3	0	43	In order to work you should obtain a permit known as FM2 or FM3 which is very hard to get unless you're marrying a Mexican citizen or you are an expat working for a multinational company.
0	3	0	43	Most foreigners working without a permit perform jobs such as language teachers, waiters or salesmen.
0	3	0	43	Others own a restaurant or shop.
0	3	0	43	If you're working without a permit and an immigration officer finds out, it could mean a fine, deportation or spending some time in a detention facility of the National Immigration Institute.
0	3	1	44	These ATMs have low withdrawal fees and are widespread throughout the city:  • banamex / citibanamex  • Santander  • Banorte
0	3	0	44	If there is none of them near you, check these ATMs with low fees:  • BanCoppel  • BanBajío  • Banco Azteca  • Banjercito
0	3	1	45	Mexico City is famous among Mexicans for its huge malls, streets like Presidente Mazaryk offer haute couture stores.
0	3	0	45	American-style shopping malls appeared in Mexico City by the late 1960s and are now are spread all over the metropolitan area.
0	3	0	45	Here you will find some of the malls sorted by area.
0	3	0	45	Central
0	3	0	45	North
0	3	0	45	West
0	3	0	45	South
0	3	0	45	The National Fund for the Development of Arts and Crafts (Fonart), Avenida Patriotismo 691, in Mixcoac, Avenida Paseo de la Reforma No. 116 in Colonia Juárez and Avenida Juarez 89 in Centro.
0	3	0	45	Although street vendors can be found almost anywhere in Mexico City, the following are more "formal" flea markets selling handcrafts, furniture and antiques.
1	4	1	46	You may want to buy groceries and food at any of the hundreds of supermarkets.
0	4	0	46	You can use Google Maps or the store locators at their websites to find one close to you.
0	4	0	46	These are some of the most common:
0	4	0	46	For generally hard-to-find ingredients, such as vegetables and spices that are unusual in Mexico, try the Mercado de San Juan (Ernesto Pugibet street, Salto del Agua metro station).
0	4	0	46	You can even find exotic meats here, such as iguana, alligator, ostrich, and foie gras.
0	4	0	46	Go to the cheese stand at the center of the market, and ask for a sample— the friendly owner will give you bread, wine, and samples of dozens of different kinds of cheese.
0	4	0	46	Many food products in Mexico including milk are kosher compliant.
0	4	0	46	If you're looking for specific products, try some stores in the Polanco neighborhood.
0	4	0	46	At some Superama branches you would find kosher departments, especially the ones in Polanco, Tecamachalco and Santa Fe neighborhoods.
0	4	1	47	Although it is easy to assume that Mexico City is the world capital of tacos, you can find almost any kind of food in this city.
0	4	0	47	There are regional specialties from all over Mexico as well as international cuisine, including Japanese, Chinese, French, Polish, Italian, Argentinean, Belgian, Irish, you name it.
0	4	0	47	You find specific restaurants in the district articles of Mexico City.
0	4	0	47	The main restaurant areas are located in Polanco, Condesa, Centro, Zona Rosa, along Avenida Insurgentes from Viaducto to Copilco and more recently Santa Fe.
0	4	0	47	There are several Mexican chain family restaurants that can be assumed to be safe and similar no matter where you are, including Vips, Lyni's, Toks, and the more traditional Sanborns, all reminiscent of Denny's in the United States.
0	4	0	47	They are uniformly good but never excellent.
0	4	0	47	If you're on a budget, you can also try one of the myriad comida corrida (set menu) restaurants, frequented by many office workers.
0	4	0	47	Some of these offer very good food, are usually safe, and should range between M$70-110 (March 2022).
0	4	1	48	Perhaps the most ubiquitous type of food almost anywhere in Mexico city are fast food outlets, located on the ground floor of a street-facing building, or puestos, street stands located on a sidewalk or almost anywhere there is room.
0	4	0	48	Most of these serve the usual tacos or tortas (filled bread rolls similar to a sub or sandwich), and they can be very cheap.
0	4	0	48	Hygiene varies from good to abysmal, so eat at a place that has plenty of people.
0	4	0	48	If you want to stuff your face with lots of real Mexican food at cheap prices then head over to a market, such as Mercado La Merced (the former central market, located on the pink line of the subway at the stop "Merced").
0	4	0	48	There are several restaurants as well as stands serving up some delicious food.
0	4	0	48	Huaraches, which are something like giant tortillas with different toppings/fillings, are popular here, as are alambres.
0	4	0	48	Another superb market is located a stone's throw from the Salto del Agua metro stop; Mercado San Juan Arcos de Belem.
0	4	0	48	It is full of food stalls offering all the Mexican favourites, but find the one opposite the small bakers, which is located by one of the rear entrances on Calle Delicias, which serves the Torta Cubana.
0	4	0	48	The people running it are amazingly welcoming and the food, especially the Cubana, is excellent.
0	4	1	49	If you want something safe and boring, most American fast food chains have franchises here.
0	4	0	49	You'll see McDonald's, Burger King, KFC, Pizza Hut, Papa John's Pizza, Domino's Pizza, TGI Friday's, Chili's, Dairy Queen, Subway, and yes, Starbucks.
0	4	0	49	These are all fairly affordable.
0	4	1	50	El Globo, a French-style bakery, has locations throughout the city selling both French and traditional Mexican pastries, like orejas (little ears), éclairs, empanadas, and rosca during New Year's.
0	4	0	50	It can't be beat for a quick snack or bagful of pastries to eat later.
0	4	0	50	Asian food restaurants are abundant, and the quality is good, and caters from cheap Chinese cafeterias to expensive and very good Japanese food.
0	4	0	50	Korean, Japanese and Chinese are most common cuisines in Mexico City, while Indian, Thai and Indonesian can be harder to find.
0	4	0	50	Most sushi places, however, put far too much rice on their sushi rolls and not enough fish.
0	4	1	51	Vegetarian (vegetariano in Spanish) alternatives are commonly available at larger restaurants, but don't expect much from street vendors.
0	4	0	51	The magic phrases, for vegetarians or vegans, are "sin pollo" (no chicken), "sin carne" (no meat), "sin huevo" (no eggs) and "sin queso" (no cheese).
0	4	0	51	If you can communicate this and then gesticulate to the menu, the waiter normally will give you suggestions.
0	4	0	51	In regular restaurants, they will even try to edit an existing dish for you.
0	4	0	51	Just make sure you are clear.
0	4	0	51	Chiles Rellenos are usually filled with meat, but different fillings are a definite standard in any vegetarian restaurant.
0	4	1	52	Tips— Tipping (propina in Spanish) is expected, with 10% the standard for decent service at all sit-down restaurants.
0	4	0	52	You can tip more for very good service (15%), or tip less or not at all for poor service.
0	4	0	52	In Mexico, there is no difference in prices if you sit inside or outside, it is the same if you eat at the bar or sit at a table.
0	4	1	53	For a quick breakfast you can always try a tamal (steamed corn dough with chicken or pork) bought on the street or specialized shops, accompanied by a cup of atole (hot chocolate corn starch drink), which is the breakfast of the humble on their way to work.
0	4	0	53	They are often in the form of tortas de tamal.
0	4	1	54	In Mexico City you have an almost endless choice of options to party.
0	4	0	54	Traveling by yourself at night in certain areas of Mexico City is not a good idea, especially in Plaza Garibaldi, where pickpocketers are ever ready to relieve you of your unguarded cash.
0	4	0	54	One of the ways you can check out the night life safely is by doing a Night Club Tour.
0	4	0	54	These tours will typically take you to a few clubs and include transportation.
0	4	0	54	Mexicans are for the most part very friendly and enjoy socializing.
0	4	1	55	The typical Mexican place to go to drink is the cantina, a bar where food is usually free, and you pay for drinks (exact policies and minimums vary).
0	4	0	55	Cantinas serve a wide range of Mexican and foreign drinks, with prices usually reasonable compared to prices in the US, and you'll be continually served various Mexican foods, such as tacos (you should ask for 'Botana').
0	4	0	55	If your tolerance for Mexican music (mariachi or otherwise) and lots of noise is low however, this may not be your kind of place.
0	4	0	55	Cantinas are open moderately late, usually past midnight at the very least.
0	4	0	55	However some cantinas, like La Victoria, near the Plaza Garibaldi, are also open at midday for lunch.
0	4	0	55	A lower-end traditional option is going to a pulquería, where you can drink pulque (a gooey whitish drink).
0	4	0	55	After being on a steep decline for decades, many are finding a new surge in popularity with young people.
0	4	0	55	They can be found in the Centro Histórico and around Xochimilco.
0	4	0	55	If you don't like pulque, they usually serve beer as well.
0	4	0	55	Many bars play a combination of Spanish and English-language rock, electronic music, and some Latin/Caribbean music.
0	4	0	55	These bars tend to close around 3-4AM.
0	4	1	56	Club music mainly falls into three main categories, pop, rock and electronic music.
0	4	0	56	The pop places generally play what's on the music charts, Latin pop, and sometimes traditional Mexican music, and are frequented by a younger (sometimes very young) audience, and are often more upper class.
0	4	0	56	The rock places play rock in the wide sense, in English and Spanish.
0	4	0	56	Most people are at least over 18 in these places.
0	4	0	56	The electronica clubs, which attract everyone from Mexico City's large subculture of ravers and electronica fans, of all ages.
0	4	0	56	Most clubs close late, 3-4AM at the earliest, and some are open until 7AM or 8AM.
0	4	0	56	The best bet used to be the Zona Rosa, which has a large number of street bars with rock bands playing and a large selection of clubs, especially strip clubs and gay bars.
0	4	0	56	South of Zona Rosa you can find the Condesa and Roma areas, with many options of bars and restaurants.
0	4	0	56	Another good area is Polanco, particularly a street called Mazaryk, where you'll find plenty of good clubs but it is best to make a reservation.
0	4	0	56	Republica, La Santa or Guilt (gay club) are posh and exclusive clubs on that street.
0	4	0	56	Be forewarned - entrance is judged on appearance and to get a table a minimum 2-bottle service is required, unless its a slow night [min.
0	4	0	56	US$80 per bottle].
0	4	0	56	Posh and upper scale night clubs can be found in the Lomas area, particularly the Hyde, Sense and Disco Lomas Clubs, but be warned some of these could be extremely expensive, where the cover charge could range from 250 pesos upwards and bottles start at US$130.
0	4	0	56	In addition, getting in could very difficult, as these are the most exclusive in town.
0	4	0	56	There are also exclusive gay clubs in that area with the same characteristics: Envy night club on Palmas 500 and Made nightclub on Chapultepec next to the lake and the restaurant El Lago Chapultepec.
0	4	1	57	The other common Mexican-style thing to do when going out is to go dancing, usually to salsa, meringue, rumba, mambo, son, or other Caribbean/Latin music.
0	4	0	57	This is considerably more fun if you're a somewhat competent dancer, but even complete beginners who don't mind making fools of themselves will likely enjoy it.
0	4	0	57	Most dance places close late, 3-4AM is common.
0	4	1	58	The legal drinking age is 18.
0	4	0	58	It is illegal to consume alcohol in public ("open container").
0	4	0	58	This is strictly enforced and the penalty is at least 24 hours in jail.
0	4	0	58	Take an identification card such as a copy of your passport.
1	5	1	59	The city has literally hundreds of hotels in all price ranges, though the district you want to stay in will be a good indicator of price and quality.
0	5	0	59	Zona Rosa is a tourist haven with a strong mid-range selection; the Polanco district is where high-end hotels thrive, and the Centro Histórico is home to plenty of budget hotels and backpacker hostels.
0	5	0	59	A wide variety of hotels can also be found along Paseo de la Reforma.
0	5	0	59	Decent budget hotels with private bathroom can be found for around M$320 (April 2022) in and around the historical center.
0	5	0	59	Very good rated hostels for M$220-250 (April 2022) are with facilities like a fully equipped kitchen.
0	5	0	59	Many low-priced hotels are not listed on the internet and many foreigners jump into the hostels.
0	5	0	59	The hostels are a good place to meet people.
0	5	0	59	Just there are plenty of other places to meet people besides hostels so be sure to look around before deciding to stay at one just because it has a sign in English.
0	5	0	59	If you are on a low-budget, you can find hotels as low as US$10 (Aug 2020) if you take a room with a shared bathroom.
0	5	0	59	Most are centred in the Centro Historico and are very decent.
0	5	1	60	If someone is calling you the country code is +52 then the area code is 55 then the 8 digit phone number.
0	5	0	60	For a mobile phone, you might need to add a 1 between the +52 and 55.
0	5	0	60	If you want to make a long distance call in Mexico from a landline, you should dial the prefix 01 for national calls followed by the area code.
0	5	0	60	From a mobile phone, start from the area code.
0	5	0	60	If you are making an international long distance call, you must dial 00 followed by the country code, for example, if you're calling the U.S. you should dial 00+1 and the area code, if you're calling the U.K, dial 00+44 and the area code, and so on.
0	5	0	60	If you want to use your cellular phone you can get your phone unlocked before you go.
0	5	0	60	When you arrive in Mexico City, you can purchase a Telcel or Movistar SIM card, locally known as a "chip".
0	5	0	60	This will get you a Mexican cell phone number.
0	5	0	60	Remember this is a prepaid cellular option.
0	5	0	60	You get free incoming calls.
0	5	0	60	People calling you from long distance will need to dial in this format: +52 1 plus the area code 8 or 7 digit phone number.
0	5	0	60	Mexico city (55), Guadalajara (33) and Monterrey (81) have 8-digit numbers, and 2 digit area codes.
0	5	0	60	The rest of the country has 7-digit numbers and 3-digit area codes.
0	5	0	60	There are no long distance charges within the country.
0	5	0	60	Calling from a Mexican phone (either land or mobile) to a Mexican cell phone is called ¨El Que Llama Paga¨ meaning only the person making the call pays for the air time.
0	5	0	60	From a landline, you should dial the 044 prefix before the 10-digit number composed of the area code and the mobile number to be dialled, such as 044 55 12345678.
0	5	0	60	From a mobile phone, just start from the area code.
0	5	0	60	Another option is to buy a prepaid Mexican phone kit, they frequently include more air time worth than the kit actually costs, air time is called ¨Tiempo Aire¨.
0	5	0	60	For Telcel these kits are called ¨Amigo Kit¨ for Movistar they are called ¨Movistar Prepago¨ and for Iusacell ¨Viva Kit¨ you can just keep the phone as a spare for whenever you are in Mexico; there are no costs in between uses.
0	5	0	60	These kits can be purchased at the thousands of mobile phone dealerships, or at OXXO convenience stores, and even supermarkets.
0	5	1	61	There are three consumer mobile network operators in Mexico:
0	5	0	61	Mobile phone service is also available from MVNOs that operate on Telcel, Movistar, and AT&T's physical network infrastructure.
0	5	0	61	MVNO plans can be less expensive than those offered by the MNOs or have shorter (i.e. daily) terms which may be well suited to some travelers.
0	5	0	61	Mexican MVNOs include Unefon on the AT&T network, Freedompop on the Telcel network, and Virgin Mobile, Flash Mobile, Weex, Cierto, and Maz Tiempo on the Movistar network.
0	5	0	61	Most international travelers who choose to use the international roaming service offered by their carriers will roam on the Telcel network.
0	5	0	61	AT&T subscribers from the United States will roam on AT&T Mexico, with Telcel as a fallback.
0	5	1	62	Mexico City has good access to the internet.
0	5	0	62	There are some internet cafes throughout the city, many of them in Zona Rosa, but their number is rapidly dwindling as many people now have internet access on their smartphones.
0	5	0	62	Price vary from M$10-20 an hour.
0	5	0	62	Look for the word 'Cyber' or 'CiberCafe' in order to find a place with internet access.
0	5	0	62	Free hot spots for wi-fi connection to the internet are available in several places around the city, particularly in public squares, along Reforma, and inside shopping malls, cafés and restaurants.
0	5	0	62	Other hot spots around the city (such as at the airport and Sanborns restaurants) are not free, usually operated by the Mexican phone company Telmex through their Internet division Prodigy Móvil.
0	5	0	62	In order to be able to connect in those places, the user must be subscribed to the service, or buy a prepaid card known as "Tarjeta Multifon"; visitors coming from the US can access the service using their AT&T or T-Mobile Internet accounts.
0	5	0	62	Cards can be bought at the Sanborns restaurant chain, Telmex stores and many stores that offer telephony related products.
0	5	1	63	There are no full-time English spoken radio stations in Mexico, however these are a few options to listen:
0	5	1	64	You won't find newspapers in English or other foreign languages in regular newsstands, however, you can find many at any Sanborns store.
0	5	0	64	Many U.S. newspapers have subscriptions available in Mexico, including the Wall Street Journal, Today, the New York Times and the Miami Herald.
0	5	0	64	Almost all national newspapers are based in Mexico City and have local news.
0	5	0	64	Some of the most read newspapers include:
0	5	0	64	Free newspapers are often given away at intersections and metro stations, most commonly Publimetro.
1	6	1	65	Despite its reputation, travel in Mexico City is generally safe and most people find it surprisingly non-threatening.
0	6	0	65	Areas around the historic center and other places where tourists usually go are generally well-lit and patrolled in the early evening.
0	6	0	65	Much of your travel within the city will be done via public transportation or walking.
0	6	1	66	Mexico
0	6	0	66	City is an immensely crowded place, and as with any major metropolitan area, it is advised to be aware of your surroundings.
0	6	0	66	Do not show money in front of others as this generally attracts pickpockets.
0	6	0	66	Protect your personal information, such as your ATM PIN when entering it at an ATM or bank terminal.
0	6	0	66	When paying at a restaurant, it's best if you don't let your card be taken away but instead ask for the terminal to be brought to you or go where it is located.
0	6	0	66	Do not leave anything of value visible from your car window, always use the trunk, even things that could be considered to hold something of value (for example, an empty gift box) will attract unwanted attention to your car and might prompt a broken window.
0	6	0	66	Plan ahead, and know where you are going and how you will arrive.
0	6	1	67	Most people in Mexico City are quite hospitable and some will speak English, and people who work for hotels and other hospitality-oriented businesses will always help.
0	6	0	67	This will help in avoiding confusion, becoming lost or stranded.
0	6	0	67	Also, you can ask a local for advice to get somewhere, though you might need basic Spanish to do this.
0	6	0	67	In the Polanco, Sante Fe and Lomas districts, some police officers and many business people and younger children speak English, as it is very common to learn it in school.
0	6	1	68	The least safe places where tourists often go are around the North part of the Centro Historico, such as around Garibaldi square.
0	6	0	68	Be extra vigilant if you go there at night.
0	6	0	68	There is a detailed crime map based on official statistics.
0	6	0	68	Mexicans are passionate about their football (soccer), and the local Club América has a very heated rivalry with Guadalajara-based Chivas.
0	6	0	68	Do not wear Chivas jerseys while you are in Mexico City, especially on match days, unless you want to draw unwanted attention from local fans.
0	6	0	68	There are pickpockets in Mexico City.
0	6	0	68	Purses and bulky, full back pockets are quite attractive.
0	6	0	68	Do not keep your passports, money, identification, and other important items hanging out for someone to steal.
0	6	0	68	Place items in a hotel safe, or tuck them away inside your clothes.
0	6	0	68	A money belt might be a good option.
0	6	1	69	The Metro or Subway system can get extremely crowded, which creates opportunities for pickpockets on cars that are often standing room only.
0	6	0	69	Taxi robberies, so-called "express kidnappings", where the victim is robbed and then taken on a trip to various ATMs to max out their credit cards, do occur, although safety in the city has improved.
0	6	0	69	95% of total kidnapping victims are nationals, so your odds of being taken are very slim, they are not targeting strangers, yet you should always use your common sense.
0	6	0	69	The two most common recommendations for a safe cab riding experience are to make sure you take an official cab, and to notify a person you trust of the license plate number of the cab you are riding.
0	6	0	69	Well organized bands of pickpocketers are operating in the most common Mexico City Metro lines, most of which are close to touristic spots.
0	6	0	69	One of the most common methods of pickpocketing in addition to the thefts inside the wagons is work in teams of 4 or 5 persons that push the victims into the doors trying to emulate a fake crowd.
0	6	0	69	The victim tries to enter or exit the wagon and the thefts take advantage of this deliberated movement of distraction to extract mainly phones or wallets that are inside the pockets of the victims and it gives to a third person inside or outside the wagon that escapes with the objects.
0	6	0	69	In case of pickpocketing the method of warning to the police is pushing the "alarm signal" red lever (warning sign) close to the doors.
0	6	0	69	Take in consideration that if the thefts are discovered they will argue violently in their favor to the police elements and will ask for a revision of all their belongings, knowing that they give the objects to other accomplice that hurried from the station and there is no evidence of theft, one of the conditions that the police will ask to begin a formal detention and prosecution.
0	6	0	69	The most common stolen objects are cellphones, specially high end-models.
0	6	0	69	Stay safe keeping your cellphone and wallet inside a security bag or money belt with zippers and avoid enter the wagons into the middle of the platform where are more common find crowds at the doors.
0	6	0	69	While the most tourist areas are safe and the areas with more incidents are outside them, buses are stolen by armed robbers.
0	6	0	69	In case this happens do not try to resist, give your belongings (cell phones and money), do not make violent movements and do not try to look at the thieves.
0	6	0	69	Murders have been reported by people who do it.
0	6	0	69	Also be careful of pick-pocketing which is reported to happen especially around line B of the subway.
0	6	0	69	Violent robberies on trolleybuses or M1 buses (public transport of Mexico City Government) are not common at all.
0	6	0	69	Police officers in Mexico get paid a third of what New York City police officers make, and some rely on bribes and corruption to make more money (however, never offer a bribe first since not all officers will want or accept them).
0	6	0	69	Paying bribes supports systematic corruption that impoverishes the country and weakens the rule of law, so if you care about that, adamantly reject bribery and ask for their badge number, they will generally leave you alone.
0	6	0	69	The historic center and other major sites often have specially trained tourist police that speak English or other foreign languages and are more helpful than ordinary transit cops.
0	6	0	69	The Mexico City Government has opened a specialized prosecution office (Ministerio Público in Spanish) for foreigners that find themselves affected by robberies or other crime situations.
0	6	0	69	It is in Victoria Street 76, Centro Historico.
0	6	0	69	Multilingual staff are available.
0	6	1	70	Although the smog layer is visible nearly every day, its effects in terms of breathing and eye irritation are usually barely noticeable and it should not normally be cause for concern for visitors.
0	6	0	70	That said, it makes sense for visitors to be aware of the issue.
0	6	0	70	Pollution is highest in the winter from late November to early February, especially when a greenhouse effect causes cold dirty air to be trapped under warm cleaner air.
0	6	0	70	You can check the current air quality here.
0	6	0	70	When the index exceeds 150 points, an "Environmental pre-contingency" is usually issued and people are asked to refrain from performing open-air activities such as sports.
0	6	0	70	In the case of an "Environmental Contingency," only vehicles with a zero or double zero emissions sticker can circulate.
0	6	1	71	Earthquakes are very common at the junction of the Pacific and North American tectonic plates, which meet close to the Mexican Pacific coast about 400 km (250 mi) away.
0	6	0	71	This is far enough away from the city so that when an earthquake occurs, Mexico City has about a 30- to 90-second warning.
0	6	0	71	This alarm is broadcast loudly from the speakers installed at the security cameras.
0	6	0	71	It sounds like an air-raid alarm followed by a spoken recording ("Alerta Sísmica").
0	6	0	71	Should you hear this alarm or feel an earthquake, remain calm and follow some simple rules: if you are indoors, stay under the doorways, move away from objects that can fall, and/or follow exit paths ("Rutas de Evacuación") out to the streets; if you are outdoors, move away from slopes or electrical wires towards open areas or places marked "safe zones."
0	6	0	71	Since large parts of the city (Center, East and North) were built on the soft clay from the dry bed of lake Texcoco, earthquakes can feel quite powerful despite the distance.
0	6	0	71	The catastrophic earthquake of 8.1 magnitude on the Richter scale, that took place in the morning of September 19, 1985, killing 9,000 to 30,000 people, remains fresh in the memory of many of Mexico City's inhabitants.
0	6	0	71	Right after the 1985 earthquake, many buildings were reinforced and new buildings are designed to meet structural criteria by law.
0	6	0	71	No major building collapse has happened since, even after several strong earthquakes.
0	6	0	71	You can check the latest earthquake activity at the National Earthquake Center an institute of the National University (UNAM).
0	6	0	71	Dial 911, the number for all emergencies (fire, police and medical).
0	6	1	72	Some people may consider Mexico City to have a bad reputation, in terms of crime statistics, air pollution, and on more contrived issues, such as earthquakes.
0	6	0	72	However, crime and pollution levels are down over the last decade and you shouldn't face any trouble within the tourist areas.
0	6	0	72	As in some large cities, there are areas that are better to be avoided, especially at night, and precautions to take, but Mexico City is not particularly dangerous.
0	6	0	73	When walking in the city you could be approached by people.
0	6	1	73	Usually they are just trying to sell something or begging for a few coins, but if you aren't interested, it is not considered insulting to just ignore them.
0	6	0	73	If you clearly look like a foreigner, you will likely be approached by students wanting to practice their English.
0	6	0	73	Sometimes they will want to record the conversation for a school assignment.
0	6	0	73	If someone of importance (such as a police officer) approaches you for a particular purpose, they will definitely let you know.
0	6	0	73	If you do get approached by a police officer, understand that there are three different types: the Policia (Police), who are usually driving around the city with their lights flashing; the Policia Auxiliar (Blue uniform)(Auxiliary Police), who are like security guards; and the Policia de Transito (Bright Yellow hat and vest) (Traffic Police) who simply direct traffic.
0	6	1	74	If you are cruising around town and don't want to look like a tourist, avoid wearing shorts.
0	6	0	74	It gets hot here, but it is remarkable how few locals in the capital city wear shorts.
0	6	0	74	Some churches won't even let you walk inside if you are wearing shorts.
0	6	1	75	Remember most Mexicans are very curious in regards to foreigners and are willing to help.
0	6	0	75	If in need for directions, try to ask young people, who may speak a little English.
0	6	1	76	Many locals (not all of them, of course) have very aggressive driving habits as a result of the frequent traffic jams in the city.
0	6	0	76	Some traffic signals are more an ornament than what they were made for, such as Stop signs, although most people respect traffic lights and pedestrian ways.
0	6	0	76	When traffic is not present, particularly at night, locals tend to speed up so be careful when changing lanes.
0	6	0	76	Street names and road signs may not be present everywhere so it is strongly advisable to ask for directions before driving your car.
0	6	0	76	A GPS device is a big help.
0	6	0	76	Sometimes potholes, fissures, and large-yet-unmarked speed-bumps ("topes") are common on the roads, so exercise some caution.
0	6	0	76	Even at a small crawl, these can damage a car, especially in the backroads between towns in the Southern area.
0	6	0	76	A fast succession of white lines cutting the road perpendicularly means that a tope is approaching and you should slow down immediately.
0	6	0	76	When off the main roads, maneuvering in the narrow streets and alleys can be tricky.
0	6	0	76	Often a paved road turns to cobblestone (in historic neighborhoods) or dirt (if this happens, you've gone way off the tourist areas).
0	6	0	76	Also, some streets are blocked off behind gates and do not let drivers pass without stating their destination, converting them into small gated communities.
0	6	0	76	If you are driving through small streets or a housing development, you should beware of children, as they often run on the pavement as if they were in their backyard.
0	6	0	76	You should also be mindful of people on bicycles and motorcycles alike, because they tend to drive in the narrow spaces between cars.
0	6	0	76	The best thing to do is to yield to them.
0	6	0	76	Trolleys and the Metrobús often have exclusive lanes and the right of way when they don't.
0	6	0	76	On streets with the Metrobús, left turns are not allowed.
0	6	0	76	Those who are used to having a berm or paved area to the side of the road will quickly notice that the berm is missing on many roads and freeways such as Viaducto and Periferico.
0	6	0	76	If you go off the side of the road, there will be a 20-30-cm (4-6-inch) drop off of the pavement.
0	6	0	76	Driving in Mexico City should be avoided if at all possible.
0	6	0	76	In high density areas such as Centro Historico, Mexico City, there is no street parking available during business hours.
0	6	0	76	Even the best of plans can go wrong when you arrive at your proposed exit at 110 km/h (65 mph), and there is a detour onto some other road with no markings or road signs, with everyone going as fast as they can go.
0	6	0	76	At that point you may want to exit immediately and regroup before you end up miles from where you planned to exit.
0	6	0	76	Maps and road signs likely will be lacking any usable information in a situation like this and your best bet may be to navigate by the seat of your pants a parallel route to the one you found closed.
0	6	1	77	In many nightclubs, bars and restaurants it is common for minors to drink without proving their age as long as they appear to be over 18.
0	6	0	77	It is also permitted for minors to drink alcohol if they are in the company of an adult who is willing to take responsibility.
0	6	0	77	Drinking alcoholic beverages in the street is strictly prohibited—doing so will certainly get you in trouble with the police.
0	6	0	77	Drunk driving is also strictly prohibited and punished with 24-72 hours of mandatory jail time.
0	6	0	77	The police have incorporated random alcohol tests on streets near bars and clubs as well as highway exits to enforce this.
0	6	0	77	The system is very efficient, and you will sometimes see a stopped car or truck with a policeman interrogating the occupants.
0	6	1	78	Smoking inside enclosed areas in public buildings, restaurants and bars is strictly prohibited by law.
0	6	0	78	Fines can be steep, so if you want to smoke in a restaurant it is best to ask the waiter before lighting up.
0	6	0	78	Of course, going outside is always an option.
0	6	0	78	Personal use of electronic cigarettes is permitted.
0	6	0	78	Small quantities of all drugs are decriminalised, but offenders could be imprisoned if found in possession of more than one personal dose.
0	6	0	78	You don't want to go to jail while a judge determines if what you're carrying is a personal dose.
1	7	1	79	Most embassies are clustered in the areas around Bosque de Chapultepec in Delegación Miguel Hidalgo and in the adjacent and more central Delegación Cuauhtémoc.
0	7	0	79	There are others located further south in Delegacion Álvaro Obregón as well.
0	7	0	79	Some of the embassies in Mexico City are accredited as non-resident embassies to Central America, the Caribbean and/or South America while others are accredited to Mexico from Washington DC or from their Permanent Mission to the United Nations in New York:
0	7	0	79	See this Link from Instituto Nacional de Migración (INM), the Mexican Immigration Department for a list of embassies and consulates of additional countries in Mexico.
0	7	1	80	Your next destination for a trip or staying can be...
0	7	0	80	Mexico
0	7	0	80	City has direct low-cost flights to many destinations, for example: