boundary-coarse	segment-coarse	boundary-fine	segment-fine	sentence
1	1	1	1	Mumbai (Marathi: मुंबई Mumbaī, Hindi: मुम्बई Mumbaī) (state tourism office), earlier known as Bombay, is the largest city in India and the capital of the state Maharashtra.
0	1	0	1	A cosmopolitan metropolis, Mumbai was originally a conglomeration of seven islands on the Konkan coastline which over time were joined to form the island city of Bombay.
0	1	0	1	The island was in turn joined with the neighbouring island of Salsette to form Greater Bombay.
0	1	0	1	The city has an estimated metropolitan population of 21 million (2011), making it one of the world's most populous cities.
0	1	0	1	Mumbai is undoubtedly the commercial capital of India and is one of the predominant port cities in the country.
0	1	0	1	Mumbai's nature as the most eclectic and cosmopolitan Indian city is symbolised in the presence of Bollywood within the city, the centre of the globally-influential Hindi film and TV industries.
0	1	0	1	It is also home to India's largest slum population and the iconic Gateway of India built on the waterfront of Mumbai Harbour during the British Raj.
0	1	0	1	The name Bombay comes from Bom Bahia ("the good bay" in Portuguese), a name given by explorer Francis Almeida.
0	1	0	1	Mumbai is named after the goddess Mumbadevi of the Koli community.
0	1	1	2	Western and Central, East and West
0	1	0	2	A visitor to Mumbai's suburbs will quickly learn that the suburbs are divided into "Western" and "Central".
0	1	0	2	You will also hear of a "West" side and an "East" side.
0	1	0	2	Here is a quick explanation for the confused:
0	1	0	2	Mumbai is a city built in successive waves of migrations.
0	1	0	2	The neighbourhoods acquired their character from the communities that settled there first.
0	1	0	2	These neighbourhoods are too numerous to list and there is no commonly accepted way to group these neighbourhoods into larger districts.
0	1	0	2	But roughly, from the south to the north, this is how the city developed.
0	1	0	2	The term Old Mumbai is used here to refer to the peninsular portion of Mumbai, which was the city till the 1940s when it expanded to cover the suburbs in the north.
0	1	1	3	Mumbai is a bustling, diverse metropolis with a flair of its own.
0	1	0	3	The entrepreneurial spirit and pulsing pace of life provide a sharp contrast to much of the rest of India.
0	1	1	4	There has been much debate regarding the original name of the city.
0	1	0	4	Some say the current name of the city Mumbai is the original name; and is an eponym derived from Mumbā, the name of the local Hindu goddess Mumbadevi, and āī, meaning "mother" in Marathi.
0	1	0	4	Others claim Bombay was an anglicised version of Bom Bahia, a name given by the Portuguese to mean "Beautiful Bay" and later made popular by the British as the name of the Bombay state.
0	1	0	4	The name was officially changed from Bombay to Mumbai in 1995.
0	1	0	4	Although Bombay and Mumbai are both used, people who explicitly use "Bombay" are generally non-Marathi speakers whereas "Mumbai" proponents primarily speak Marathi.
0	1	0	4	In the West, Mumbai has become more commonly accepted in order to avoid controversy.
0	1	0	4	The city is also fondly called āmcī Mumbaī (आमची मुंबई, "our Mumbai").
0	1	1	5	Though the seven islands that now make up the city have a long recorded history like any other place in India, their journey to form the city of Mumbai really started in 1498, when the Portuguese took them over from the Sultan of Gujarat.
0	1	0	5	They built a settlement, forts, and churches (including the strange-looking Portuguese Church that stands to this day).
0	1	0	5	However, they could not make much of their possession and the seven islands were handed over to England in 1661 as part of the dowry of Catherine de Braganza when she married Charles II of England.
0	1	0	5	He wasn't very interested in the islands either, and he leased them to the British East India Company for £10 a year in 1668.
0	1	0	5	The East India Company built the docks, the trading posts, and the fort that would form the nerve centre of the city.
0	1	0	5	They also started off the long process of reclaiming land and joining the islands, an activity which went on until the 1960s.
0	1	0	5	The port attracted industries, and the entrepreneurial communities like the Parsis, Gujaratis and Marwaris (from Rajasthan) migrated and set up trading companies and factories in the late 19th century.
0	1	0	5	Industries attracted migrant labour from different parts of the country.
0	1	0	5	The successive waves of migration shaped the character of the city and its neighbourhoods.
0	1	0	5	The city that owes its existence to the efforts of the British was also the birthplace of the Indian National Congress, which played an overwhelmingly important role in the independence movement.
0	1	0	5	The city whose mills were built by industrialists from across the country is the capital of Maharashtra state, which was carved on linguistic lines for Marathi speakers.
0	1	0	5	In the 1980s, high labour costs and unrest forced the closure of many textile mills and the city went into a decline from which it started recovering only in the late 1990s.
0	1	0	5	The high population put a strain on the infrastructure.
0	1	0	5	The rail and road network underwent a steady improvement over the 1990s, but because of the magnitude of the task, the roads seemed to be perennially under construction.
0	1	0	5	Mumbai has now reinvented itself as a hub for the service industry.
0	1	0	5	In January 1993, in the wake of the destruction of the Babri Mosque in Ayodhya, a wave of riots swept the city, with over 1,000 people killed, the vast majority of whom were Muslims.
0	1	0	5	Relations between the city's various ethnic groups have been tense ever since, with several terrorist outrages (see #Stay safe) adding fuel to the fire.
0	1	1	6	Mumbai is the most cosmopolitan city in India.
0	1	0	6	In comparison with the rest of the country, the city is quite liberal.
0	1	0	6	With a regular influx of immigrants from rest of India, the citizens, popularly known as 'Mumbaikers', have shown remarkable tolerance towards other cultures, making it a true cultural melting pot.
0	1	0	6	However this tolerance has sometimes bowed under external pressures.
0	1	0	6	Between the 60s and 80s, there was resentment about the non-Marathi speakers taking away jobs.
0	1	0	6	The 1991 and 1993 riots between Hindus and Muslims did affect this spirit; however, the city managed to recover from these, once again proudly highlighting true 'spirit of Mumbai'.
0	1	1	7	Mumbai has three main seasons — summer, monsoon, and winter (milder summer).
0	1	0	7	The best time to visit is during the winter between October and February.
0	1	0	7	Humidity is also less during the winter, when the climate is pleasant; the minimum temperature is 17°C and the maximum is 30-31°C.
0	1	0	7	Summer is from March to May, with highs in the low to mid 30s (roughly 80-90°F).
0	1	0	7	It is hot and humid during this time.
0	1	0	7	June to September is the monsoon season when the city is lashed by heavy rains.
0	1	0	7	The city gets flooded two or three times and normal life gets disrupted during this season.
0	1	0	7	Climate is humid pretty much throughout the year because the city rests on the coast.
1	2	1	8	Mumbai has excellent connectivity with most of the major cities around the world, including New York, London, Dubai, Tel Aviv, Singapore, Hong Kong and Kuala Lumpur to name a few.
0	2	0	8	If you are flying from Europe it is generally cheaper to fly from London, and there are many frequent flights available.
0	2	0	8	All domestic sectors are linked to Mumbai, making it the second busiest hub in the country next to Delhi.
0	2	0	8	Mumbai's 19.09974872.874991 Chhatrapati Shivaji Maharaj International Airport (BOM IATA) is one of India's busiest airports and one of the main international gateways to the country.
0	2	0	8	Many international airlines and low-cost carriers fly into Mumbai.
0	2	1	9	Thane Creek is bustling with ferries to central Mumbai from various cities on the southern and eastern side of the creek, such as Alibag.
0	2	0	9	Ferries from Ferry Wharf also allow cheap access to islands and beaches in the vicinity of the city and Elephanta.
0	2	0	9	There are no scheduled international ferries to Mumbai, however cruise ships dock regularly.
0	2	1	10	Railways in India
0	2	0	10	The first commercial railway service began on 16th April 1853 at 3:35PM on its first run between Victoria Terminus (present-day CSMT) and Thane.
0	2	0	10	Hundreds of trains arrive daily from all over India, almost all major cities have a direct connection with Mumbai.
0	2	0	10	Trains terminate at various different stations throughout the vast city, so make sure to note which station is relevant for your journey.
0	2	0	10	Main reservation offices are Churchgate, Mumbai Central and Bandra for the Western line and Chhatrapati Shivaji Maharaj Terminus and Dadar on the Central line.
0	2	0	10	There are unique ticket windows and quotas for foreign tourists.
0	2	0	10	Bookings and tariffs on train tickets from anywhere in India from Mumbai can be found at the website of Indian Railways.
0	2	0	10	Notice that while all trains are operated by Indian Railways, the Western and Central Lines function independently and reservations can only be made at certain stations.
0	2	0	10	The private luxury service Maharajas' Express has travel packages between Mumbai and Delhi.
0	2	0	10	A high-speed railway from Ahmedabad is under construction and is planned to open in 2027.
0	2	0	10	National highway numbers 3, 4, 6, 8, 9, 17, and the Mumbai-Pune expressway radiate from the city providing links to all parts of the country.
0	2	1	11	The road conditions are generally better than in the rest of India.
0	2	0	11	Distances from various cities to Mumbai are:
0	2	0	11	Mumbai is well served by buses from destinations inside India.
0	2	0	11	Most of Mumbai's inhabitants rely on public transport to and from their workplaces due to the lack of parking spaces, traffic bottlenecks and generally poor road conditions, especially in the monsoon.
0	2	0	11	However, do ride in a taxi and auto at least once in the city.
0	2	0	11	Feel real adventure in a vehicle that feels like it might fall apart at a speed over 30 kilometres per hour (19 mph) with a driver who thinks he's Schumacher.
0	2	0	11	For travelling using public transport, you can download the m-Indicator app for Android and iPhone.
0	2	0	11	It contains useful information about bus and train routes, which can help you plan your commute.
0	2	1	12	Farewell to an icon
0	2	0	12	Once upon a time, there used to be a fleet of Premier Padmini taxis plying around in Mumbai.
0	2	0	12	They were fondly called "Kaali-Peeli" for their distinctive black and yellow colour.
0	2	0	12	Sadly, the iconic taxis of the city were phased out by October 2023.
0	2	0	12	However, you may still find these vehicles in the form of private cars and not as taxis.
0	2	0	12	There are several types of taxis plying in Mumbai.
0	2	0	12	You can hail a cab off the streets.
0	2	0	12	Virtually all taxis have electronic meters which are somewhat tamper-proof.
0	2	0	12	A taxi driver cannot refuse a fare as per law.
0	2	0	12	If a driver does refuse, a threat to complain to the nearest cop usually does the trick.
0	2	0	12	The minimum fare for 1 mi (1.6 km) or less is ₹28 (in 2022).
0	2	0	12	If you have extra pieces of luggage, the boot (trunk) of the taxi will not provide sufficient space, one large suitcase is all that will fit there.
0	2	0	12	Hiring a taxi with a top carrier will be better.
0	2	0	12	Top carriers can accommodate up to three large suitcases.
0	2	0	12	Before starting the journey, ensure that the luggage is securely fastened to the carrier.
0	2	0	12	Generally, the only way to call for a standard taxi is to hail one on the street.
0	2	0	12	This will not be a problem if you are within Old Mumbai or Bandra.
0	2	0	12	It will be difficult to find a taxi in the suburbs as they have been out-competed by the cheaper auto-rickshaws there.
0	2	0	12	The maximum number of passengers allowed for a trip officially is four — three in the back seat and one in the front.
0	2	0	12	Seat belts are not mandatory for taxi passengers and most standard black and yellow taxis will not even have them installed, though expect them in the branded ones.
0	2	0	12	Air-conditioned taxis are premium public taxis and its fare is 20% higher than non-air-conditioned taxis.
0	2	0	12	These taxis are really helpful for tourists and travellers who are not accustomed to the heat and pollution of Mumbai.
0	2	0	12	All the rules of non-air-conditioned taxis apply to air-conditioned taxis too.
0	2	0	12	Since the fare of air-conditioned taxis is at a premium, the common folks usually do not prefer to travel by air-conditioned taxis and is primarily used by tourists or business travellers.
0	2	0	12	For the lack of demand, the lack of supply is also expected.
0	2	0	12	These taxis ply frequently but are not easily available in all locations.
0	2	0	12	You can always expect them to be available at tourist hot spots like railway stations, airports, premium hotels, top tourist spots, etc.
0	2	0	12	If you are not travelling through either of the above locations, and you need the air-conditioned comfort, but do not want to go look for a taxi, it is suggested that you move to the next section.
0	2	0	12	If you want a comfortable, air-conditioned ride at a small surcharge of 25 per cent over normal taxis it's best to travel by branded cab services that operate at government-approved tariffs.
0	2	0	12	These services operate in modern fleets with well-trained drivers.
0	2	0	12	You can get them at 30–60 minutes' notice, they are clean, air-conditioned, equipped with digital, tamper-proof meters, punctual, honest, and GPS-equipped-monitored, which makes them far secure at any time.
0	2	0	12	If you're using a mobile phone, you receive an SMS with the driver's name, mobile number and car number 30 minutes before the scheduled departure.
0	2	0	12	There is a 25% night surcharge (midnight-5AM).
0	2	0	12	Some can be booked online.
0	2	0	12	Follow the queue system to board a taxi.
0	2	0	12	Quite frequently, tourists and new visitors are mobbed by unscrupulous taxi drivers.
0	2	0	12	Most drivers are honest, but the dishonest ones tend to cluster around railway stations and airports where they can more easily find suckers.
0	2	0	12	Unless you are taking a prepaid taxi, always ask taxis to go by the meter.
0	2	0	12	At the start of the journey, ensure that the meter is visible and shows the flag-down fare/meter reading.
0	2	0	12	Mumbai is also served by various transport network organisations.
0	2	0	12	A lot of tourists and locals alike use services like Uber and Ola Cabs to commute in and around Mumbai.
0	2	0	12	Make sure to read the tariffs in these before you pay.
0	2	0	12	While most of these services do accept cash, a lot of them can also be linked to online wallet (UPI) services like Paytm; as such, overcharging is rarely a risk.
0	2	0	12	One of the common scams is to charge the night fare rate during the daytime.
0	2	0	12	You should be careful and read the heading before paying.
0	2	0	12	In some cards, the night fare is red in colour and the daytime fare is black in colour.
0	2	0	12	The night charges are only applicable if you board the vehicle during the night hours (midnight to 5 AM).
0	2	0	12	If you boarded the vehicle before midnight, and your journey is finishing after midnight, you are not liable to pay night charges.
0	2	0	12	Similarly, if you board the vehicle before 5 AM and you finish after 5 AM, you are liable to pay night charges.
0	2	0	12	Sometimes, auto-rickshaw drivers charge the taxi fare and even show you a tariff card which is used for taxi fare computation.
0	2	0	12	You can download the m-indicator app which is available in Google Play Store and iTunes App Store.
0	2	0	12	This app carries the latest taxi fares, auto fares, bus services details and local train timetables.
0	2	0	12	Auto-rickshaws are only allowed to operate beyond Bandra and Sion.
0	2	0	12	They are not issued the licence for Old Mumbai.
0	2	0	12	If you are not used to Indian roads, an auto-rickshaw ride can be heart-stopping, death-defying, laws-of-physics-bending.
0	2	0	12	Before departing, ensure that the meter is visible and shows the flag-down reading as 1.00 (on a mechanical meter).
0	2	0	12	If the number is higher, insist that the driver flags it down once again.
0	2	0	12	The minimum fare is ₹23 (in 2022).
0	2	0	12	The meter remains at 1.00 for the first 1.6 km (0.99 mi) and every 0.10 movement indicates approx 200 m (i.e. 1.50 for every 0.2 km (0.12 mi)).
0	2	0	12	Every auto driver is supposed to carry a valid RTO-approved meter tariff card.
0	2	0	12	You can check this tariff card before paying.
0	2	0	12	The meter also keeps ticking if you are waiting and/or are stuck in traffic.
0	2	0	12	It's quite handy to have a copy of the meter card issued by The Mumbai Traffic Police.
0	2	0	12	All of this applies to mechanical meters, not digital meters.
0	2	0	12	Newer digital meters have started becoming common from 2012 onwards, and they show the exact fare, so there is no need to convert via the tariff card.
0	2	0	12	Auto-rickshaws are slower than cars and have terrible suspensions.
0	2	0	12	Pregnant ladies are most strongly advised not to travel by auto-rickshaws since the combination of rash driving, poor suspensions, and horrible road conditions have quite often led to serious complications.
0	2	0	12	The auto-rickshaw is a slow and uncomfortable vehicle and is not recommended for very long distances.
0	2	0	12	The Mumbai Metropolitan Region around Mumbai is fast developing into a major conurbation.
0	2	0	12	If you need to get to the surrounding cities of Thane, Navi Mumbai or Kalyan, bus services are available.
0	2	1	13	Buses run from 5AM to midnight.
0	2	0	13	Selected routes run beyond these timings, but much less often.
0	2	0	13	The average frequency between buses ranges from five to 30 min depending on the route.
0	2	0	13	Fares are reasonable and buses can be travelled during peak hours, unlike trains which are far too crowded.
0	2	0	13	Some trunk routes do get extremely crowded, however.
0	2	0	13	Peak hours also have traffic snarls which may depend on the area traversed and the state of the roads.
0	2	0	13	What connects Electric supply and Transport?
0	2	0	13	BEST got into transport by starting a tram company.
0	2	0	13	Now, of course, it runs buses that run on diesel & CNG, not electricity.
0	2	0	13	The company is still in charge of electricity distribution for South and Central Mumbai.
0	2	0	13	Buses are numbered and the final destination is marked on the front in Marathi and on the side in English.
0	2	0	13	Generally, buses around the city and trunk routes would be in the 1–199 series.
0	2	0	13	Buses in the western suburbs would be the 200 series while those plying in the central and eastern suburbs would be in the 300 and 400 series.
0	2	0	13	Services to Navi Mumbai are in the 500 series and buses to the Mira-Bhayander area are in the 700 series.
0	2	0	13	Another option is to book bus tickets online from Redbus or myticketbuddy[dead link], both of which have a choice of a number of large private bus operators all over India.
0	2	0	13	Most people travel in Mumbai using the Mumbai Suburban Railway commonly referred to as "Locals".
0	2	1	14	Mumbai has an extensive railway network, with three lines — the Western Line, the Central Line and the Harbour Line.
0	2	0	14	Trains on all lines start operations after 4AM and close operations between midnight and 1AM.
0	2	0	14	Second-class travel is very cheap.
0	2	0	14	However, it is advisable to buy first-class tickets as the economy class is extremely crowded.
0	2	0	14	First Class can be quite expensive and if four people are travelling together, a taxi might be better.
0	2	0	14	There would always be queues and it would be advisable to buy coupon booklets.
0	2	0	14	Coupon booklet punching machines are available at all stations and the best thing is you will not have to stand in a huge line to buy a booklet.
0	2	0	14	Another option is to buy a Smart card for Railways.
0	2	0	14	It helps you maintain balance like any gift card with an option to refill it once it goes below the limit.
0	2	0	14	Smart card outlets to buy tickets are available at all stations.
0	2	0	14	They are touch screen based and you can simply follow the instructions to buy a ticket for the right path.
0	2	0	14	If you are a tourist, you can buy a 'Tourist Ticket'.
0	2	0	14	It costs ₹275 and you can travel in first class compartments of all three lines during the entire day.
0	2	0	14	Ensure the location of the first-class compartment before the train arrives.
0	2	0	14	You may ask fellow passengers or the vendors at the various food stalls.
0	2	0	14	An easier way to spot the location of the First class compartment is to check the station walls painted with red and yellow slant stripes.
0	2	0	14	Avoid using local trains during rush hour (first class or otherwise).
0	2	0	14	Rush hour is 8:30–10:30AM towards CST and Churchgate and 5:30PM–8:30PM in the opposite direction.
0	2	0	14	If you are travelling during rush hour, don't stand near the railway tracks as you will get swamped by frantic.
0	2	0	14	Take no offence if you are pushed and shoved about, as passengers jostle for a spot.
0	2	0	14	As you near your exit station, ensure that you are as close as possible to the train door, as experienced commuters, will begin the mad run to be first on, or off, the car before the car comes to a full stop.
0	2	0	14	If you stand any chance of getting on/off before the train departs, you must be equally aggressive in your focus to exit/enter, remember no one will take offence if you make contact with others, as you wriggle by.
0	2	0	14	Last, but not least, exiting/entering a train before it comes to a full stop is not something to be taken lightly, one misstep can send a person onto the rails with amazing ease!
0	2	0	14	Leave the stunts to the experienced locals.
0	2	0	14	There are special coaches for women in both classes.
0	2	0	14	These are designated by green and yellow slant stripes, spot these stripes on the station walls and you'll know where the ladies compartment is.
0	2	0	14	These are generally less crowded and safer.
0	2	0	14	But very late at night, it might actually be safer to travel by the general coach than the first-class women's coach, as the latter may be absolutely empty except for you.
0	2	0	14	From 11:15PM-6:30PM
0	2	0	14	the ladies compartment towards the northern end is open to the general public.
0	2	0	14	Sometimes they have a cop guarding the coaches, but sometimes they won't.
0	2	0	14	Use your judgement.
0	2	1	15	The Mumbai Metro connects the western suburbs to the eastern suburbs.
0	2	0	15	Line 1 runs from Versova to Ghatkopar with interchange options available at Andheri (Western Line) And Ghatkopar (Central Line) Railway Station.
0	2	0	15	The travel time is 20 minutes.
0	2	0	15	You can purchase Mumbai Metro tickets from your smartphone using the ridlr app.
0	2	0	15	Mumbai has India's only monorail system, it has one line and eighteen stations throughout the city.
0	2	0	15	The fare is between ₹5 and ₹11 depending on your destination station.
0	2	1	16	These are a few intra-city ferry services:
0	2	1	17	Travel agents and hotels can arrange private chauffeur-driven cars to provide services.
0	2	0	17	Expensive by comparison with taxis, they are the most trusted, secure, and comfortable way to travel around the city.
0	2	0	17	Driving in Mumbai can be difficult, because of poor driver discipline, but chauffeur-driven services are very reasonable.
0	2	0	17	These can be arranged by travel companies or online from the countries of origin.
0	2	0	17	Car rental agencies also have services in Mumbai.
1	3	1	18	Mumbai is India's melting pot — a confluence of people from various parts of India, but dominant are people from the west, then north, and followed by the south.
0	3	0	18	Marathi is the state and city official language used by State Government agencies, municipal authorities, and the local police, and also the first language of most locals.
0	3	0	18	However, being one of India's largest cities and main commercial centre, Mumbai is now also home to migrants from other parts of India who do not speak Marathi.
0	3	0	18	A local variant of Hindi, with strong Bollywood influence, called Mumbaiya Hindi (or Bambaiya Hindi), serves as the "lingua franca".
0	3	0	18	Although almost everyone can understand standard Hindi, you may get an interesting reply from some.
0	3	0	18	Most educated locals will be well versed in Marathi, Hindi and English.
0	3	0	18	English is widely used in the corporate world and in banking and trading.
0	3	0	18	In most places, you will be able to get by with Hindi and English, as most people you will encounter can communicate in broken English at the very least.
0	3	0	18	However, expect to hear more regional languages including Gujarati.
0	3	1	19	The game of names
0	3	0	19	The names of Mumbai's monuments tell us the story of which way political winds were blowing when they were built.
0	3	0	19	In the late 19th century the British named everything after their Queen, so we had Victoria Terminus, Victoria Gardens and Victoria Jubilee Technical Institute (built in 1887 to commemorate the 50th anniversary of Her Majesty's coronation).
0	3	0	19	In the early 20th century, they named everything after the Prince of Wales.
0	3	0	19	After India's independence, the colonial names could not be retained of course, so they were renamed.
0	3	0	19	Depending on whether the city was suffering from bouts of nationalistic pride or Marathi pride at that time, they were named after either Jawaharlal Nehru (the first Prime Minister of India) or Chhatrapati Shivaji Maharaj (who founded the Maratha Empire in the 17th century).
0	3	0	19	Often, they were named after Shivaji's mother, Jijabai.
0	3	0	19	The advantage of this was that using Veermata Jijabai ("courageous mother Jijabai") for a place that was earlier named for Victoria maintains the same abbreviation, so "Veermata Jijabai Technological Institute" (formerly Victoria Jubilee Technical Institute) is still VJTI.
0	3	0	19	For a traveller, the practical problem would be that many places have multiple names.
0	3	0	19	Multiple places are named after Nehru, Shivaji or Jijabai, so you need to be careful about specifying which place you need to get to.
0	3	0	19	Few important names changes to remember are:
1	4	1	20	There is a lot to see in Mumbai, but the typical "tourist" sights are concentrated in South Mumbai.
0	4	0	20	By Indian standards, Mumbai is a young city and much of the land comprising the city did not exist until it was claimed from the sea over three centuries ago.
0	4	0	20	It is therefore, a pleasant surprise to find rock cut caves such as the Elephanta, Kanheri, and Mahakali within city limits.
0	4	0	20	The British built a magnificent city within the walls of Fort St. George, which lies at the southern extremity of the city.
0	4	0	20	Some fine examples of the Gothic revival, Neo-classical style and Indo-Saracenic style are seen within this area.
0	4	0	20	To get the best experience of the city centre, stroll around the wide streets of the area right from Churchgate to Colaba.
0	4	0	20	These areas are all beautifully planned and have wide and clean pavements, unlike the rest of the city.
0	4	0	20	Famous monuments to be seen in this area are the Gateway of India, the Chhatrapati Shivaji Maharaj Terminus (CSMT, previously Victoria Terminus), the Municipal Corporation and Police Headquarters and the Chhatrapati Shivaji Vastu Sanghralaya (formerly, the Prince Of Wales Museum).
0	4	0	20	The famous Taj Mahal Palace Hotel is opposite the Gateway of India.
0	4	0	20	The Mumbai University buildings and the High Court are also excellent examples of colonial architecture in the city.
0	4	1	21	There are a lot of other modern structures to look at in this area.
0	4	0	21	The area known as Marine Drive (right from Girgaon Chowpatty to NCPA) is home to a large number of buildings built in the Art Deco style.
0	4	0	21	Mumbai is second only to Miami in the number of Art Deco buildings.
0	4	0	21	some famous buildings in this style are the Eros and Regal cinemas.
0	4	0	21	The Art Deco and Gothic buildings were added to the UNESCO World Heritage List in 2018.
0	4	1	22	Some of the India's most famous museums and art galleries are found here.
0	4	0	22	The Kala Ghoda area in South Mumbai teems with them, particularly the Chhatrapati Shivaji Maharaj Vastu Sangrahalaya (Prince of Wales Museum), and the National Gallery of Modern Art.
0	4	0	22	Once again, most of them are concentrated in South Mumbai.
0	4	0	22	Also worth planning a visit is Jehangir Art Gallery, also at Kala Ghoda, displays changing exhibits by notable artists.
0	4	0	22	The plaza next to the gallery also regularly displays exhibits of various artists.
0	4	0	22	In Nehru Complex in Worli is Nehru Centre Art Gallery at Worli is a gallery dedicated to young and promising talent along with established artists.
0	4	0	22	Also within the complex is a permanent exposition, Discovery of India, which attempts to cover every aspect of artistic, intellectual and philosophical attainment of India through ages.
0	4	0	22	The exposition spreads across 14 galleries and reflects true identity of the country.
0	4	0	22	On the other end of the complex, Nehru Science Centre - which has a separate entrance from Mahalaxmi race course road, has a permanent exhibition on 'interactive and exciting' science related exhibits highlighting science principles in fun yet educational way.
0	4	1	23	Mumbai isn't known for beaches because they have immensely filthy water!
0	4	0	23	Mumbai has a few beaches, including one in the southern districts.
0	4	0	23	But they aren't that great and the water off Mumbai's coast is extraordinarily dirty.
0	4	0	23	The relatively better ones are in North Mumbai.
0	4	0	23	However, they are a great place to see how the locals spend their Sunday evenings, with various food and game stalls.
0	4	0	23	There are other beaches to be found such as the Girgaon Chowpatty (the cleanest one) in South Mumbai, Juhu Beach in the Western Suburbs and Aksa Beach in North Mumbai.
0	4	0	23	The currents don't seem strong, but particularly in the rains, lots of people die from drowning, so avoid getting in the water (especially at Aksa Beach).
0	4	0	23	A word of advice to women: Mumbai beaches are not the kind you can wear swimsuits to, particularly two-pieces.
0	4	1	24	Mumbai has a justified reputation as a concrete jungle, but there are some nice pockets of greenery within the city.
0	4	0	24	It is also one of the rare megacities to have an entire national park within its borders (Sanjay Gandhi National Park[dead link]).
0	4	0	24	You will not visit Mumbai for them, but if you are already here, they make a nice escape from the din and bustle.
0	4	0	24	It also houses the ancient Kanheri Caves crafted out of rocky cliffs, which dates back 2,400 years.
0	4	0	24	The city zoo (Jijamata Udyan) in Byculla is a colonial relic and it is surprisingly well-preserved.
0	4	0	24	The animals may look rather emaciated, but the sheer diversity of trees on this lush zoo is worth a trip.
0	4	0	24	Some city parks are very well-maintained and combine history as well.
0	4	0	24	The "Hanging Gardens" on Malabar Hill offers stunning vistas of the Marine Drive.
0	4	0	24	Opposite the Hanging Gardens, there is another park which is known as Kamla Nehru Park, famous for the striking shoe-shaped structure which has been filmed in various Bollywood movies
0	4	0	24	Further in South Mumbai, the Mumbai Port Trust Garden, is another hidden gem.
0	4	0	24	This is set off a small side street off the Colaba Causeway 2–3 km (1.2–1.9 mi) south of the main section.
0	4	0	24	Attractive views of the port, the naval yards and sunset.
0	4	0	24	In North Central Mumbai, there is Mancherji Joshi Five Gardens.
0	4	0	24	Mainly used by walkers in the morning, it is a mess in the evenings.
0	4	0	24	But the gardens encircle some historic, art deco residences.
0	4	1	25	Mumbai is probably worth visiting just for its street markets, the hustle of vendors, and the madness of the crowds.
0	4	0	25	Good places are Bandra, Khar and Andheri.
0	4	0	25	If you came to Mumbai and didn't give visit to the highly dense and crowded markets, it means you didn't meet the real Mumbai.
0	4	0	25	Hawkers and street shoppers don't ask for any legal permission and then set their stalls at the places where they see maximum footfall.
0	4	0	25	From electronics items to fresh food, you can get everything at railway platforms, subway and mains streets.
0	4	0	25	Once the British left, the zeal to wipe away the traces of colonial rule was, unfortunately, not matched by the enthusiasm to build a new city that matched the grandeur of the British-era buildings.
0	4	0	25	Now, while the shabbiness of the socialist era is thankfully being replaced by architecture with an eye on aesthetics, the new malls, multiplexes, and office buildings that are coming up are indistinguishable from those anywhere else in the world.
0	4	0	25	Still, they are worth a look, especially if you want to have a look at India's success story.
0	4	0	25	Skyscrapers exceeding 60 stories now dominate the skyline.
0	4	1	26	For long, Inorbit Mall was the only mall offering a lot of variety for shoppers.
0	4	0	26	Palladium, built within the High Street Phoenix, broke the monopoly of Inorbit Mall.
0	4	0	26	From state of the art interiors to international brands, the Palladium has everything.
0	4	0	26	The new Infiniti Mall (Infinity 2) in Malad also has lots of foreign brands and is one of the biggest malls in the suburbs.
0	4	0	26	Nirmal Lifestyles Mall in Mulund and Metro Junction Mall in Kalyan are two of the largest malls in Mumbai.
0	4	0	26	In the central suburbs, they are quite popular in the city.
0	4	0	26	Powai is a modern central Mumbai suburb with European looks.
0	4	0	26	Powai houses the Indian Institute of Technology and is built around fabulous lake.
0	4	0	26	Most of the construction is in a township format and is privately built.
0	4	0	26	It houses twenty top of the line restaurants, two large convenience stores, a handful of coffee shops and entertainment areas.
0	4	0	26	Initially built as an upmarket self-contained township, Powai has now grown into a business process outsourcing hub in Mumbai.
0	4	0	26	The township reflects both characteristics; you will often find families shopping and twenty somethings hanging out in tables next to each other.
0	4	1	27	Mumbai has temples, mosques, churches, Parsi agiaries, and even a few synagogues reflecting the diversity of its citizens.
0	4	0	27	While these are naturally of interest if you are a believer, some, like the Portuguese church at Dadar are worth visiting just for their unique architecture.
0	4	0	27	Mahalaxmi temple is located on the shores of the Arabian Sea, offering a scenic and serene view to the devotees and visitors.
0	4	0	27	Siddhivinayak temple of Mumbai is very famous.
0	4	0	27	It is in Dadar and you can easily get a taxi to go to the temple from the Dadar railway station.
0	4	0	27	The city also boasts of Jewish places of worship predominantly in the area called Byculla, but also in South Mumbai.
0	4	0	27	In this area the three prominent Jewish groups of Mumbai lived.
0	4	0	27	They were Baghdadi Jews, Bene Israelis and the locals who had converted over a period of time and lived in the hinterland.
0	4	0	27	There are two very beautiful Hare Krishna (ISKCON) temples that are significant tourist attractions.
0	4	0	27	One is in Hare Krishna land, Juhu, Andheri and the other in South Mumbai, near Gandhi's house.
0	4	0	27	Both have Govinda's pure vegetarian restaurants at the premises.
0	4	0	27	Most tourists appreciate the peaceful experience in the temple.
0	4	0	27	The Islamic Research Foundation of Zakir Naik is in South Central Mumbai near Dongri.
0	4	0	27	Is popular with people of all faiths.
0	4	0	27	It hosts a vast library of books from all world religions and is a great place to hangout and know about Islamic culture.
0	4	0	27	Mount Mary Church, also known as Basilica of Our Lady of the Mount, is a Roman Catholic church located in Bandra West, Mumbai.
0	4	0	27	Haji Ali Dargah is one of the most visited places in Mumbai.
0	4	0	27	The Dargah Sharief is built on a tiny islet 500 metres from the coast, in the middle of Worli Bay, in the vicinity of Worli.
0	4	0	27	People from different religion and places visit this places.
0	4	0	27	More than 80,000 people visit dargah every week.
0	4	0	27	One notable monument in Northwest Mumbai is the Global Vipassana Pagoda in Gorai.
0	4	0	27	It is a meditation centre that can seat 8,000 people.
0	4	0	27	Vipassana literally means mediation, and the centre runs 10-day meditation courses and 1 day mega courses on Sundays.
0	4	0	27	The courses are free of cost but you would have to register for them in advance on their website.
0	4	1	28	There is a lot to do in Mumbai, but lack of space means that for outdoorsy activities, you need to head north, often outside city limits.
0	4	0	28	In North Munbai and Thane, you will find opportunities for water sports like H2O[dead link] at Girgaon Chowpatty.
0	4	0	28	There are two golf courses in the city, the more famous one in Chembur[dead link] in the Harbour Suburbs.
0	4	1	29	Mumbai has a vibrant theatre scene with plays in many languages including English, Hindi, Gujarati, and Marathi.
0	4	0	29	While South Mumbai has frequent performances, the best organised theatre effort is at Prithvi theatre, Juhu in the Western Suburbs.
0	4	0	29	There are plenty of opportunities to enjoy Indian classical music and dance.
0	4	0	29	While not a patch on the Sabhas of Chennai, you will find frequent performances of Carnatic music in Shanmukhananda Hall, Matunga in North Central Mumbai.
0	4	0	29	Mumbai is also usually the first stop for Western pop and rock stars visiting India, which they usually do when they are over 50.
0	4	0	29	The Rock scene is very good in Mumbai.
0	4	0	29	These are very safe to go to and are recommended for rock fans.
0	4	0	29	Most bands cover heavy metal acts like Pantera, Six feet under, and Slipknot.
0	4	0	29	To try to find places with specific music tastes try asking students outside Mumbai's colleges.
0	4	0	29	Western classical music performances are rarer.
0	4	0	29	However most classical music performances along with other art forms are regularly performed at NCPA and Tata Theatre, both next to the narrow strip at Nariman Point.
0	4	0	29	While many religious festivals are celebrated by people in Mumbai, a few of these are essentially public and social occasions, where the traveller can participate.
0	4	1	30	Mumbai inherits the cricket fever justifiably and the metropolitan region has 3 of the finest cricket stadiums in India, namely Brabourne Stadium (Churchgate), Wankhede Stadium (Marine Lines) and DY Patil Stadium (Navi Mumbai).
0	4	0	30	Several of international cricket matches and domestic championships such as Indian Premier League (IPL) have been played in these stadiums.
0	4	0	30	Watch out for upcoming cricket stadium to join the cricket frenzy crowd.
0	4	0	30	Apart from these, Ruia College, Shivaji Park, Azad Maidan, Marine Lines are some of the places where live cricket action can be seen for free.
0	4	0	30	Alternatively if you are a football fan, you may want to visit Cooperage Football ground (Colaba) for a local league match.
0	4	0	30	For swimming enthusiasists, Mahatma Gandhi Swimming Pool (Dadar W) is the place to visit.
0	4	0	30	For horse racing, head straight to Mahalakshmi Race Course (Mahalakshmi).
0	4	0	30	Powai hosts some of the finest Golf fields.
0	4	0	30	For others there are many sport activities including Tennis, Table Tennis, Badminton which can be practised at various clubs.
0	4	0	30	Gyms are plenty and can be easily found.
0	4	1	31	Nariman Point and Fort are the commercial hubs of the city and the most sought-after destinations.
0	4	0	31	There is a significant expatriate population working in the banks and financial services industries.
0	4	0	31	Bandra-Kurla Complex is another business district in Mumbai.
0	4	0	31	The advertising industry is a prominent industry in Mumbai.
0	4	0	31	Many of the top advertising companies such as Lintas, O&M, Saatchi & Saatchi, Contract, and Trikaya Grey have their offices in the city.
0	4	0	31	A good idea to make quick money is to work part-time in a BPO or a call centre most of which are concentrated at Mindspace, Malad(W) and Hiranandani Gardens (Powai).
0	4	0	31	Only suitable for English speakers.
0	4	0	31	Foreigners can also earn a quick buck as extras in Bollywood films.
0	4	0	31	Bring a book as there is a lot of time spent sitting around, so it's not something to do for the money.
0	4	0	31	Normally you won't have to look for them as they will be asking tourists near Leopold's or your hotel manager may ask you when you book in.
0	4	1	32	Visa, MasterCards and Indian RuPay cards are widely accepted in the city shops.
0	4	0	32	Many shopping establishments also accept American Express, Diners and host of other cards.
0	4	0	32	However, some of the small shops or family-run shops may not accept these cards and some handy cash can be of help here.
0	4	0	32	ATMs are widely available and many debit cards accepted as well.
0	4	0	32	If you have an Indian bank account or credit card, you may not need to carry too much of cash.
0	4	0	32	If you are a foreigner, it is a good idea to carry some cash to avoid charges while using your credit or debit card.
0	4	0	32	Many stores and websites have started accepting payments using mobile wallets and Unified Payment Interface (UPI).
0	4	0	32	Some of the popular payment apps are Paytm, Google Pay (formerly known as Tez), PhonePe, BHIM and Amazon Pay.
0	4	0	32	In general, costs in Mumbai are higher than the rest of India, though they are still much lower by Western standards.
0	4	1	33	The shopping experience in the city is a study in contrasts.
0	4	0	33	At the lower end of the spectrum are street vendors.
0	4	0	33	Existing at the borderline of legality, entire streets have been given over to these hawkers and in many places it is impossible to walk on the footpaths, because they have blocked the way.
0	4	0	33	On the other hand, these vendors often give you a great bargain though you will have to haggle a lot and be careful about what to buy.
0	4	0	33	There's nothing like taking a local along to shop for you.
0	4	1	34	Mumbai has large number of organised bookshops.
0	4	0	34	However it also has number of streetside second hand book shops or displays that give opportunity to come across rare collections.
0	4	0	34	Many of these roadside book shops can be prominently found, among many, near Flora Fountain, Maheshwari Udyyan (former King's Circle) and Dadar west market.
0	4	0	34	If you are somewhere in the Western Suburbs, Granth on Juhu Road could be a good bet to find the book you are looking for.
0	4	0	34	The Crossword chain of book shops has an outlet in most malls around the city, as well as the main store in Kemp's Corner.
0	4	1	35	In a place without clearly displayed price tags (and sometimes even in places with), you will get charged about 3-4 times as much as a local if you seem like a tourist.
0	4	0	35	Take a local with you if you're going to local markets to haggle.
0	4	0	35	Haggling is much louder and ruder in India than elsewhere.
0	4	0	35	Don't be afraid to haggle things down to 1/4 of the asking price.
0	4	0	35	And most importantly remember that almost all stores that sell carpets, jewelry, handicrafts, etc. pay huge amounts of commission (25% up to even 50%!) to the cab drivers, hence avoid tourist taxis, cabs, etc.
0	4	0	35	Another thing to remember is not to haggle just for the fun of it.
0	4	0	35	The shopkeepers may take offence if you don't buy an item after they have agreed to your price.
0	4	1	36	One of the places that you can trust is The World Trade Centre (in Cuffe Parade, near Hotel Taj President).
0	4	0	36	Besides being the only World Trade Centre in Mumbai, this place has an amazing range of exquisite carpets, handicrafts, shawls, etc. with reputed government approved stores and state emporiums too.
0	4	0	36	Ask for receipts everywhere, including bars, and check what you have been charged for.
0	4	0	36	Don't ever accept a guide offer or escort of somebody from the street:
0	4	0	36	You will certainly get conned.
0	4	0	36	If some place (including taxis, restaurants, shops, etc.) claims it doesn't have change (this is highly unlikely), insist they get change from a neighbouring shop.
1	5	1	37	In addition to the local grocery stores which can be found on most of the streets, there are new additions to the city in the form of new big and small supermarkets and hypermarkets where you can get all the food items you need.
0	5	0	37	Some of them are Big Bazaar[dead link], Hypercity, DMart, Spinach Local, Apna Bazaar.
0	5	1	38	The dining experience at an upscale restaurant in Mumbai is more or less the same as anywhere else in the world.
0	5	0	38	You can find cuisine from the Middle East, Western Europe, North America and China easily.
0	5	0	38	But to get a real flavour of what's unique to Mumbai, you will have to go a little lower down the scale and experience the street food and Irani cafes.
0	5	0	38	Since March 2015, beef is banned in Maharashtra, and therefore in Mumbai.
0	5	0	38	Therefore, it is uncommon to find beef served in restaurants.
0	5	0	38	For individual restaurants and other places to eat, go to the individual district pages.
0	5	0	38	Don't leave Mumbai without trying:
0	5	0	38	Popular search engines to find easily restaurants include Justdial, AskLaila and DizyLocal.
0	5	0	38	The search engines shall provide the address, contact details, and user ratings (if available) of the specific eatery (if name is provided), or list of eatery catering to the specialty (e.g. Seafood, Pubs, Chinese Food, etc.) depending on the location suggested (e.g. Worli, Bandra, South Mumbai, etc.).
0	5	1	39	North-Western Songs have been written about Mumbai's street food and you will find that the hype is justified.
0	5	0	39	You will find them at every street corner, but they are concentrated in beaches and around railway stations.
0	5	0	39	Tip: cheap and tasty food stalls are concentrated around the city's colleges.
0	5	0	39	Street stall food in India is fantastic, and very cheap.
0	5	0	39	However, do consider well what you are putting in your mouth.
0	5	0	39	Almost certainly the water used is non-potable, street vendors don't seem to understand much about hygiene or hand-washing, and food safety standards are low, with flies buzzing over everything.
0	5	0	39	Even locals steer clear of street food during the monsoons, when diseases run rampant.
0	5	0	39	If the stall seems very clean, and if it clearly states that it is using Aquaguard or mineral water, go for it.
0	5	1	40	Mumbai, being home to large ethnic Marathi community, has its share of notable restaurants that offer authentic Marathi cuisine.
0	5	0	40	Most offer both snacks and regular dining.
0	5	0	40	Some of the snacks to check out are Sabudana Wada, Batata Wada, Missal, Kanda Poha, Uppit (or Upma), Shira, Alu Wadi, Thalipith, Zunka Bhakari,ghavane (neer dosa) and many more.
0	5	0	40	Two notable appetisers are Kokam Sarbat and Solkadhi which are best enjoyed during hot summers.
0	5	0	40	People say that many of these authentic Marathi restaurants are finding it difficult to survive competitions with other modern or fast food typed restaurants, but you will find Gajali, Malvan Kinara, Sindhudurg and many more have retained their own charm and clientele.
0	5	1	41	Mangalorians(and udupi) forms the highest tourist populations of Mumbai,and both the cities have almost same culture and architecture.
0	5	0	41	"Udupi" restaurants (or "hotels") are everywhere.
0	5	0	41	They bear the name of the town of Udupi in Karnataka, but do not be misled into thinking that they specialise in the cuisine of Udupi.
0	5	0	41	They serve pretty much everything, and that is their specialty.
0	5	0	41	Usually strictly vegetarian, these restaurants were opened by migrants from the district of Dakshina Kannada in Karnataka (of which Udupi is a part), to satisfy the palates of other migrants from the district.
0	5	0	41	Over time, they gained popularity as places to have South Indian food.
0	5	0	41	As the tastes of their customers evolved, so to did their menus, so much that now you can find Mughlai, Indian Chinese, Bhelpuri, and other chaats in addition to South Indian stuff.
0	5	0	41	Amazingly, some places serve imitations of pizzas, burgers, and sandwiches too!
0	5	0	41	They are fast food joints and sit-down restaurants combined.
0	5	0	41	The reason to visit them is not to experience fine gourmet dining, but to have cheap, passably tasty and fairly hygienic food.
0	5	0	41	There is no easy way to identify an Udupi restaurant; they are not a chain of restaurants and they may not have "Udupi" in their name, so you will have to ask.
0	5	1	42	Matunga(Central line) has the best south Indian fare in Mumbai.
0	5	0	42	There are few restaurants which could well be heritage sites as they are more than 50 years old and still retain their old world charm(and furniture).
0	5	0	42	Irani cafes are Persian styled cafes opened by 19th century Persian migrants from Iran.
0	5	0	42	These cafes have a unique lazy atmosphere, display of day-to-day accessories including toothpastes behind the cashier, soaps and what nots(specially targeted at bachelor crowds) and furniture.
0	5	0	42	Most of these cafes were at the corner of the road or building and were chosen spots by commuters to spend time.
0	5	0	42	It was quite a usual sight to find people spending hours reading newspaper over a cup of tea for hours in these places.
0	5	0	42	Sadly the new restaurants and fast food culture has almost removed these cafes from the maps, though few notables like Kyani & Co. and Olympia remain.
0	5	0	42	The joints are best known for their "Irani Chai", "Bun-Maska/Maska Pav" (bread and butter) and Egg Omelette.
0	5	0	42	Also are popular their assorted snacks, like Kheema-na-Patice, samosas, mava-na-cakes, etc.
0	5	0	42	One of the best dish which is almost always on the menu is Kheema (prepared from ground meat) and pav (bread).
0	5	0	42	Don't miss the Mawa Cake at Merwan & Co, a bustling Irani cafe next to Grant Road station and be there before 9AM when the delicious cakes tend to run out.
0	5	1	43	If you order a thali (translated as "plate"), you get a complete meal arranged on your plate, with a roti or chappati, rice, and many different varieties of curries and curd.
0	5	0	43	Ordering a thali is a popular option when you are hungry and in a hurry as it is usually served blazingly fast.
0	5	0	43	Most mid-level restaurants have a thali on the menu, at least during lunch hours.
0	5	0	43	Occasionally, they are "unlimited", which means that some of the items are all-you-can-eat.
0	5	0	43	The waiters serve them at your table.
0	5	0	43	Of course, you find many varieties of them, both vegetarian and non-vegetarian.
0	5	0	43	There is the South Indian thali.
0	5	0	43	The "North Indian" thali translates to Mughlai or Punjabi.
0	5	0	43	Do try Gujarati or Rajasthani thalis if you can find them.
0	5	0	43	They are sinfully filling and tasty.
0	5	0	43	Rajdhani (At Crawford Market) serves up thalis in the Rajasthani style while Aram (near Mahim Church, Mahim), Ramanayak Udipi (At Matunga Station, east) serves up thalis in South Indian style and Shree Thakker Bhojanalaya (off Kalbadevi Road) do filling and fabulous Gujarati thalis.
0	5	1	44	Western fast food chains like McDonalds, Subway, Pizza hut, Dominos, Kentucky Fried Chicken etc. have many outlets all over the city.
0	5	0	44	But if you are a weary Westerner looking for the taste of the familiar, be warned that all of them have rather heavily Indianised their menus, so you will find the stuff there as exotic as you found Bambaiyya food.
0	5	0	44	There are chains serving Indian food such as Jumbo King whose menu includes vada and lassi.
0	5	0	44	Barista, Cafe Coffee Day[dead link], and Smokin' Joe's are all Indian chains, although they don't serve Indian food.
0	5	0	44	While Barista and Cafe Coffee Day, as their names suggest, serve coffee and pastries, Smokin' Joe's serves decent pizzas and is headquartered in Carmichael Rd, Mumbai.
0	5	0	44	International coffee chains like The Coffee Bean and Tea Leaf, Aromas have outlets in Mumbai.
0	5	0	44	Naturals is a chain of ice cream stores that serves up tasty and unconventional flavours of ice creams.
0	5	0	44	Try their tender coconut or the coffee walnut ice creams.
0	5	0	44	Its main branch is in Juhu in the Western suburbs (hence the tagline - 'Ice cream of Juhu Scheme'), but it has franchises at many places including Marine Drive, Bandra, Nepean sea road, etc.
0	5	0	44	Naturals is also famous for its seasonal "Sitaphal" or Custard Apple Ice-cream.
0	5	0	44	Baskins-Robbins is an international ice cream chain having its presence throughout the city.
0	5	0	44	Also there are a number of shops in malls amongst other places which serve Italian Gelato icecream.
0	5	0	44	Try the sumptuous creamy crepes and omelets at Crepe Station, Bandra.
0	5	0	44	Its owned by a famous Bollywood actor, Dino Morea.
0	5	1	45	Asking a local for suggestions is a fun way to try new things.
0	5	0	45	Here are a few suggestions:
0	5	0	45	Tipping is not expected, but would be appreciated.
0	5	0	45	However, if a place includes service charges on the bill, you don't need to leave an extra tip.
0	5	0	45	Note the difference between service tax and service charges.
0	5	0	45	Service tax goes to Government and not to the staff.
0	5	0	45	A police crackdown (June 2012) on many popular bar and clubs is underway, so be cautious when visiting lower to mid range bars.
0	5	1	46	Mumbai is one of the most liberal cities in India when it comes to attitudes to alcohol.
0	5	0	46	Bars exist at virtually every street corner and many of them advertise themselves as "family" bars and restaurants, which indicates that they are primarily restaurants where one can also have a drink.
0	5	0	46	Other places are primarily bars, some of them might be sleazy.
0	5	0	46	In South Mumbai and in the Western Suburbs, you are likely to find many places where foreigners hang out.
0	5	0	46	Mumbai is much more accepting of women drinking than the rest of India.
0	5	0	46	A woman ordering a drink is unlikely to raise eyebrows even in mid-range bars, though if you are alone, you might need to look out for your safety.
0	5	1	47	Nightlife in Mumbai spans the gamut from performances at five star hotels to discos.
0	5	0	47	Dance bars which involve young, fully clothed women dancing mostly to Hindi film and pop music, have been shut down by the government for "corrupting the morals" of those who frequent those places.
0	5	0	47	While the state high court has ruled that the crackdown was illegal, it will be a while before they open again as there are some technicalities involved to be sorted out.
0	5	0	47	In Mumbai, alcohol is much more easily available than many cities in India.
0	5	0	47	There is already a lively late night, if somewhat subterranean, scene for gays, as well as social and political networks.
0	5	0	47	However, you need to do your homework before arriving, as LGBT gathering spaces and organizations are not published or available at local newsstands.
0	5	0	47	However, Bombay Dost (Bombay Friends) the only magazine catering to the community, after 7 years of running was closed and relaunched in 2009.
0	5	0	47	Much of Mumbai's LGBT scene is coordinated using social networking sites and groups.
0	5	0	47	Use extreme caution; robberies, hustlers, and even police entrapment are not unheard of.
0	5	1	48	There many coffee shops in and around Mumbai.
0	5	0	48	Try the Cafe Coffee Day[dead link] and Barista chains.
0	5	0	48	Also, three Starbucks stores were opened in Mumbai in late 2012, and more are likely to follow.
0	5	0	48	These are the best around town and also serve some pretty neat coffee for cheap.
0	5	0	48	There's the Cafe Mocha chain of coffee shops which also serve fruit flavoured hookas — South Asian smoking pipes.
0	5	0	48	If a small coffee and cookies place is what you are looking for, try Theobroma, it has an outlet at Cusrow Baug in Colaba.
0	5	0	48	Those looking for a more native form of coffee can try the filter coffee, a milky coffee with origins from South India, from any Udupi restaurant.
1	6	1	49	It is very difficult to find good-budget hotels in Mumbai.
0	6	0	49	If you are a tourist or a business traveller, you may have to stay in South Mumbai, which is where both the business district and the touristy areas are.
0	6	0	49	Lack of space means that even the cheapest hotel charges stratospheric tariffs.
0	6	0	49	The state of public transport and traffic means that it is not really a good choice to stay anywhere else.
0	6	0	49	In any case, things aren't much better if you are looking for hotels close to the airport.
0	6	0	49	You should be looking at the Western Suburbs in that case.
0	6	0	49	There are many guest houses at Colaba, where you find most of the budget foreign travellers stay.
0	6	0	49	Other budget hotels are found near railway stations, such as Dadar or Santacruz, but most of them are absolute dumps.
0	6	0	49	One safe and economical place to stay in Mumbai is the YMCA.
0	6	0	49	Reasonably priced accommodations are available at the Colaba, Bombay Central, Andheri and CBD Belapur Branches.
0	6	0	49	One inexpensive alternative is to live with a local family as a paying guest.
0	6	0	49	A list of available families can be obtained from the Government of India tourist office (+91 22 2220 7433) opposite Churchgate Western .
0	6	0	49	On the other hand, if money is of no object, you can stay at the Taj in Colaba (the oldest in India), the Leela Kempinski, the ITC Grand Maratha, or the JW Marriott Mumbai, Renaissance Mumbai Hotel & Convention Centre.
0	6	1	50	The area code for Mumbai is "22" (prefix "+91", if you are calling from outside India).
0	6	0	50	Phone numbers are eight digits long, but on occasion you will find a seven digit number listed.
0	6	0	50	That is probably an old listing.
0	6	0	50	They made the changeover from seven to eight digits a few years back, when they allowed private service providers to offer telephone.
0	6	0	50	Just prefix a "2" to the number and it should work just fine.
0	6	0	50	Phone booths can be found all over the city.
0	6	0	50	Though they are coin operated, there is usually someone to run the place.
0	6	0	50	(Typically the phones are attached to a roadside shop.)
0	6	0	50	You need to keep putting ₹1 coins into the slot to extend the talk time, so keep a change of ₹1 coins handy with you.
0	6	0	50	The person running the booth will usually have them.
0	6	0	50	If you find a booth marked STD/ISD, you can call internationally or anywhere within the country.
0	6	0	50	Fees will be charged according to the time spent and a meter runs to keep track of your time.
0	6	0	50	You pay when you have finished your call.
0	6	0	50	Often it is difficult to find one that is open early in the morning or late at night.
0	6	0	50	Cell phone coverage in the city is excellent.
0	6	0	50	There are many service providers offering a wide variety of plans.
0	6	0	50	Among them are The MTNL[dead link], Vodafone Idea (Vi), Airtel, Dolphin[dead link], Reliance Jio, and Tata Indicom[dead link].
0	6	0	50	It might be a good idea to buy a cell phone and use one of those prepaid plans to get yourself connected while you are in the city.
0	6	0	50	All mobile numbers are 10 digits long and begin with a "9", "8" or "7".
0	6	0	50	Do not dial the city prefix for mobile numbers.
0	6	0	50	If you don't get through to a mobile number, try adding a "0" before you dial it.
0	6	0	50	Due to security threats, in order to purchase a SIM card you will need to provide formal identification.
0	6	1	51	Cybercafes are found on virtually every street corner and the rates are quite low.
0	6	0	51	They have probably not kept pace with advances in hardware or software, also data security could be an issue.
0	6	0	51	As a precaution, change your password after you use it at a cybercafe or do private/incognito browsing.
0	6	0	51	Finding WiFi will be difficult in many parts of Mumbai, however, nearly all railway stations have been upgraded with 'RailWire' WiFi powered by Google that lets you browse for 45 mins at 5-10 Mbit/s speeds.
0	6	0	51	RailWire WiFi requires you to authenticate with your mobile number and OTP.
0	6	0	51	WiFi is also available at most hotels and restaurants.
0	6	0	51	Airport WiFi is provided by Vodafone Idea.
0	6	1	52	The Indian Postal service's head office is housed at GPO, a magnificent colonial architecture on its own; next to the C.S.T. railway station.
0	6	0	52	The other main branch office can be found at Dadar (E) on Ambedkar Rd.
1	7	1	53	Unlike other parts of the country, especially Delhi where rape is prevalent, crime is rare, except for possibly common crime like pickpocketing.
0	7	0	53	Violent crime in Mumbai is more or less like any other large Indian city.
0	7	0	53	It is best to err on the side of safety and act according to your local environment.
0	7	1	54	Here are a few basic safety tips:
0	7	0	54	As elsewhere in India, be careful with what you eat.
0	7	0	54	Outside of major tourist hotels and restaurants, stay away from raw leafy vegetables, egg-based dressings like mayonnaise and minced meat are particularly risky.
0	7	0	54	In short, stick to boiled, baked, fried or peeled goods.
0	7	0	54	Opinions on tap water vary, but most visitors choose to stick to the bottled stuff.
0	7	0	54	Large bottles of water can be purchased at a very low cost.
0	7	0	54	When buying water from street vendors, make sure the lid is sealed: there have been cases of bottles being filled with tap water and sold as new.
0	7	1	55	Smog can reach unhealthful levels, especially during the dry season.
0	7	0	55	This, coupled with the summer heat and humidity can make spending time outdoors quite unpleasant.
1	8	1	56	Numerous fitness centres exist throughout the city.
0	8	0	56	Many exercise facilities and spas offer 24-hour memberships for visitors and are a popular way to unwind after a long day of touring in Mumbai.
0	8	1	57	Local newspapers can be handy and reliable sources for day to day updates about the city.
0	8	0	57	The city has number of newspapers and other publication that list local happenings.
0	8	0	57	The Times of India has a supplement called Bombay Times.
0	8	0	57	There are also other papers like The Asian Age, DNA, Indian Express, Hindustan Times and Free Press Journal.
0	8	0	57	For the business updates, check Economic Times.
0	8	0	57	There are three very good local city tabloids called Mid-Day, Mumbai Mirror, and Afternoon.
0	8	0	57	These papers are city focused and cover a lot of gossip, local news, and have plenty of entertainment listings.
0	8	0	57	One could refer to these papers for any specific activity.
0	8	0	57	In addition, Time Out now has an excellent Mumbai edition each month which can be picked up on street bookshops.
0	8	0	57	It is a little more eclectic than the others listed here.
0	8	0	57	All of these papers have information on arts, dance, eating out, food festivals, events, exhibitions, lectures, movies, theatre listings, concerts, seminars, and workshops.
0	8	0	57	There are also many local newspapers in regional languages such as Lok Satta (Marathi), Maharashtra Times (Marathi), Saamna (Marathi), Navakal (Marathi), Janmabhoomi (Gujarati), Mumbai Samachar (Gujarati) and Navbharat Times (Hindi) which cater to local and regional interests and tastes.
0	8	0	58	There are 12 radio stations in Mumbai, with nine broadcasting on the FM band, and three All India Radio stations broadcasting on the AM band.
0	8	0	58	Mumbai also has access to commercial radio providers such as SiriusXM.