boundary-coarse	segment-coarse	boundary-fine	segment-fine	sentence
1	1	1	1	Tokyo (東京 Tōkyō) is the enormous and wealthy capital of Japan, and also its main city, overflowing with culture, commerce, and most of all, people.
0	1	0	1	As the most populated urban area in the world, Tokyo is a fascinating and dynamic metropolis that mixes foreign influences, consumer culture and global business along with remnants of the capital of old Japan.
0	1	0	1	From modern electronics and gleaming skyscrapers to cherry blossoms and the Imperial Palace, this city represents the entire sweep of Japanese history and culture.
0	1	0	1	Tokyo truly has something for every traveller.
0	1	1	2	The capital of Japan is not a city, but is actually Tokyo Metropolis (東京都 Tōkyō-to), which apart from the name is indistinguishable from a prefecture: it's equal in status with the other 46 prefectures, and is about as big (containing large suburban and even rural areas to the west, as well as islands as far as 1,000 km (620 mi) south).
0	1	0	2	Even more strangely, there is no such thing as the "city of Tokyo".
0	1	0	2	What most people, both foreigners and Japanese, are thinking of when they hear "Tokyo" is the special wards of Tokyo (特別区 tokubetsu-ku), sometimes just called the 23 wards (23区 nijūsan-ku).
0	1	0	2	They're somewhat like the boroughs of London or New York, except there's no "city government" banding them together.
0	1	0	2	The wards refer to themselves as "cities" in English (since they behave as such, each having its own mayor and council), but to avoid confusion, most people prefer to call them "wards".
0	1	0	2	This article is about the 23 special wards, while the western suburbs and the islands are covered in Tokyo Metropolis.
0	1	1	3	The geography of central Tokyo is defined by the JR Yamanote Line (see Get around).
0	1	0	3	The center of Tokyo — the former area reserved for the Shogun and his samurai — lies within the loop, while the Edo-era oldtown (下町 shitamachi) is to the north and east.
0	1	0	3	Sprawling around in all directions and blending in seamlessly are Yokohama, Kawasaki and Chiba, Tokyo's suburbs.
0	1	0	3	Together, the entire metropolitan area has a population of over 40 million, making it the most populated urban area in the world.
0	1	0	3	Over 500 years old, the city of Tokyo was once the modest fishing village of Edo (江戸 - literally Gate of the River) due to its location at the mouth of Sumida-gawa.
0	1	0	3	The city only truly began to grow when it became the seat of the Tokugawa shogunate in 1603, who decided to set up a new seat of power far away from the intrigues of the imperial court in Kyoto.
0	1	0	3	After the Meiji restoration in 1868, during which the Tokugawa family lost its influence, the emperor and the imperial family moved here from Kyoto, and the city was renamed to its current name, Tokyo, literally the "Eastern Capital".
0	1	1	4	The metropolitan center of the country, Tokyo is the destination for business, education, modern culture, and government.
0	1	0	4	(That's not to say that rivals such as Osaka won't dispute those claims.)
0	1	0	4	GO>TOKYO is a government-run sightseeing guide site for foreigners, including a search page for restaurants with multi-language menus.
0	1	0	4	Well-maintained and often more up-to-date than us.
0	1	1	5	Tokyo is vast: it's best thought of not as a single city, but a constellation of cities that have grown together.
0	1	0	5	Tokyo's districts vary wildly by character, from the electronic blare of Akihabara to the Imperial gardens and shrines of Chiyoda, from the hyperactive youth culture hub of Shibuya to the pottery shops and temple markets of Asakusa.
0	1	0	5	If you don't like what you see, hop on the train and head to the next station, and you will find something entirely different.
0	1	0	5	The sheer size and frenetic pace of Tokyo can intimidate the first-time visitor.
0	1	0	5	Much of the city is a jungle of concrete and wires, with a mass of neon and blaring loudspeakers.
0	1	0	5	At rush hour, crowds jostle in packed trains and masses of humanity sweep through enormous and bewilderingly complex stations.
0	1	0	5	Don't get too hung up on ticking tourist sights off your list: for most visitors, the biggest part of the Tokyo experience is just wandering around at random and absorbing the vibe, poking your head into shops selling weird and wonderful things, sampling restaurants where you can't recognize a single thing on the menu (or on your plate), and finding unexpected oases of calm in the tranquil grounds of a neighbourhood Shinto shrine.
0	1	0	5	It's all perfectly safe, and the locals will go to sometimes extraordinary lengths to help you if you just ask.
0	1	1	6	The cost of living in Tokyo is not as astronomical as it once was.
0	1	0	6	Deflation and market pressures have helped to make costs in Tokyo comparable to most other large cities in the developed world.
0	1	0	6	Visitors from San Francisco, Los Angeles, New York, Chicago, London, Paris, Sydney, Toronto and Dublin will not find it any more expensive than back home.
0	1	0	6	Rent will be significantly cheaper than big Western cities like NYC, London, San Francisco, and Los Angeles.
0	1	0	6	Travelers should budget a similar amount of money for their stay in Tokyo as they would for any other great city in Europe, North America or Australia.
0	1	0	6	Locals will know the bargains, but experienced cheapskates from anywhere in the world can get by with a little ingenuity.
0	1	0	6	Tokyo is one of the most popular places to live in Japan.
0	1	0	6	Rent for a single's apartment could range from US$500 to US$1,000 a month.
0	1	0	6	Tokyo is so overwhelmingly crowded that many people live in apartments no bigger than 16 square meters (175 square feet).
0	1	0	6	That being said, with excellent transportation throughout Tokyo and its outskirts, living five minutes further away from central Tokyo could mean hundreds of dollars less for living expenses each month or allow for larger housing.
0	1	0	6	Many parts of Chiba, Saitama, Kanagawa, or even Ibaraki prefectures may allow the feeling of "living in Tokyo".
0	1	0	6	Still, nothing compares to Tokyo itself in regards to waking up and stepping outside instantly into metropolitan life.
0	1	1	7	Tokyo is classified as lying in the humid subtropical climate zone and has five distinct seasons.
0	1	1	8	It's possible for English speakers to navigate their way around Tokyo without speaking any Japanese.
0	1	0	8	Signs at subway and train stations include the station names in romaji (Romanized characters), and larger stations often have signs in Chinese and Korean as well.
0	1	0	8	Though most people under the age of 40 have learned English in school, proficiency is generally poor, and most locals would not know more than a few basic words and phrases.
0	1	0	8	Some restaurants may have English menus, but it does not necessarily mean that the staff will speak much English.
0	1	0	8	Reading and writing comes much better though; many people can understand a great deal of written English but can't speak it properly, because English uses so many vowels and consonants non-existent in Japanese.
0	1	0	8	That being said, staff at the main hotels and tourist attractions generally speak an acceptable level of English.
0	1	0	8	While it is possible to get by with only English, it will nevertheless make your trip much smoother if you can learn some basic Japanese.
1	2	1	9	In Japan, all roads, rails, shipping lanes and planes lead to Tokyo.
0	2	0	9	Tokyo (TYO IATA for all airports) and the Kanto Region are served by two major airports.
0	2	0	9	Narita International Airport (NRT IATA) is Tokyo's main hub for international flights, but also serves a handful of domestic flights, particularly on low-cost carriers, and is convenient as a transit airport for those travelling between North America, Europe and the Middle East to most major Asian cities.
0	2	0	9	Tokyo Haneda Airport (HND IATA), which is much closer to central Tokyo and thus much more convenient and economical for getting into Tokyo and vicinity, is expanding and shifting from mostly domestic flights to international, and by mid-2020 will serve a number of large cities that see heavy business traffic.
0	2	0	9	However, there are also Ibaraki Airport (IBR IATA) for some low-cost carriers, and the Chōfu Airfield, serving turboprop flights to the Izu Islands.
0	2	1	10	For all trains on the northern route, you can get off at Ueno, while trains on the western route call at Shinagawa.
0	2	0	10	Most non-Shinkansen services usually stops at Shibuya and Shinjuku stations as well.
0	2	0	10	Ueno and Ikebukuro stations connect to the northern suburbs and neighboring prefectures.
0	2	0	10	There are multiple departures every hour from Kyoto and Osaka to Tokyo, with three types of shinkansen trains.
0	2	0	10	The Nozomi is the fastest, with trains taking 2½ hours from Osaka.
0	2	0	10	The Hikari makes more stops and takes 3 hours, and the Kodama is the slowest, making all stops and reaching Tokyo in 4 hours.
0	2	0	10	The Nozomi trains are not covered by the Japan Rail Pass.
0	2	0	10	Multiple cities from the north offer direct Shinkansen services to Tokyo, including Akita, Aomori, Fukushima, Hakodate, Kanazawa, Morioka, Nagano, Nagoya, Niigata, Sendai, Toyama, Yamagata and Yuzawa.
0	2	0	10	All trains from these cities converge at Ōmiya in Saitama, then run south to Ueno and Tokyo stations.
0	2	0	10	Although Japan is dominated by fast Shinkansen trains there are still a couple of sleeper trains left: The Sunrise Izumo (サンライズ出雲) runs daily to Tokyo from Izumo while Sunrise Seto (サンライズ瀬戸) connects with Takamatsu, the second largest city on the Shikoku island.
0	2	0	10	Both trains run coupled together between Tokyo and Okayama.
0	2	1	11	While you can drive into the city, it is really not recommended as the city can be congested, signs may be confusing and parking fees are astronomical.
0	2	0	11	One option that should be considered is cheaper 24-hour parking lots in cities bordering Tokyo.
0	2	0	11	For example, Yashio city's train station in Saitama (prefecture) has hundreds of spaces at ¥500 per day, and is just minutes from Kita-Senju or Akihabara.
0	2	0	11	A car of people can travel by highway at a fraction of the price of each person traveling by train, and can take the last leg by the cheapest train ticket into Tokyo.
0	2	0	11	For groups of 3-5 tourists traveling in Japan, a rental car to or from Tokyo to be returned at the agency counter in another city may prove to be a major chance for savings compared to train or air travel.
0	2	0	11	Hitchhiking into Tokyo is pretty easy, but hitchhiking out is considerably more difficult.
0	2	0	11	It's definitely possible for determined cheapskates though, see Hitchhiking in Japan for a detailed list of tested escape routes from the city.
0	2	1	12	Highway bus services link Tokyo to other cities, resort areas and the surrounding prefectures.
0	2	0	12	There are JR and private bus companies.
0	2	0	12	Bus service may be cheaper, but the train is probably more convenient, especially with the JR pass.
0	2	0	12	Long-distance buses use a number of terminals scattered throughout the city.
0	2	0	12	At Tokyo Station, the main boarding point for buses is at the Yaesu Exit (八重洲口) on the east side.
0	2	0	12	Some buses lines, including Keisei Bus, have moved to the new Bus Terminal Tokyo Yaesu (バスターミナル東京八重洲) which is across the street and can be accessed by underground passage from Tokyo Station.
0	2	0	12	In Shinjuku, nearly all services use the new 35.688533139.7009426 Shinjuku Expressway Bus Terminal, abbreviated Busta Shinjuku (バスタ新宿), which is above the JR tracks at Shinjuku Station.
0	2	1	13	One of the great ports of the world, Tokyo also has domestic ferry services to other points in Japan.
0	2	0	13	However, none of the regular international ferries to Japan call at Tokyo.
0	2	0	13	The main long-distance ferry terminal is 35.617288139.795617 Tokyo Port Ferry Terminal, on an artificial island adjacent to Odaiba in Tokyo Bay.
0	2	0	13	The nearest station is Tokyo Big Sight on the Yurikamome line, but it's still a bit of a hike.
0	2	0	13	You can also take a direct bus from Shin-Kiba station on the Metro Yurakucho line.
0	2	0	13	The main services from this terminal are:
0	2	0	13	Ferries to the Izu and Ogasawara Islands leave from Takeshiba Terminal (竹芝客船ターミナル), adjacent to Takeshiba station on the Yurikamome line.
0	2	0	13	Cruise liners tend to use the Harumi Terminal (晴海客船ターミナル), best accessible on bus 都05-1 (To-05-1) from Tokyo Station Marunouchi South Exit.
0	2	0	13	International ferries and cargo ferries that also take passengers can leave from other terminals too, enquire with your shipping company.
0	2	1	14	Instead of getting a headache from all the numerous options you have to get around in Tokyo, try Google Maps for navigation — it will show you various options and fares, so you can choose between the cheapest, the most convenient, or the quickest option, depending on your preferences.
0	2	0	14	In case you have a map of all metro and train stations, it might be quicker and cheaper to mainly go through them and ignore taking smallish bus rides to and from them, which will easily cost ¥200 per ride.
0	2	0	14	Tokyo has one of the most extensive mass transit systems in the world and is the most used subway system in the world in terms of annual passenger rides.
0	2	0	14	It is clean, safe and efficient – and confusing.
0	2	0	14	The confusion arises from the fact that several distinct railway systems operate within Tokyo – the JR East network, the two subway networks, and various private lines – and different route maps show different systems.
0	2	0	14	Avoid rush hours if possible; trains get overcrowded very easily.
0	2	0	14	The defining rail line in Tokyo is the JR Yamanote Line (山手線 Yamanote-sen), which runs in a loop around central Tokyo; being inside the Yamanote loop is synonymous with being in the core of Tokyo.
0	2	0	14	Almost all inter-regional JR lines and private lines start at a station on the Yamanote.
0	2	0	14	JR's lines are color-coded, and the Yamanote is light green.
0	2	0	14	The JR Chuo Line (orange, 中央線 Chūō-sen) and Chuo-Sobu Line (yellow, 中央・総武線 Chūō-Sōbu-sen) run side-by-side, bisecting the Yamanote loop from Shinjuku on the west to Tokyo on the east.
0	2	0	14	JR's other commuter lines, the Saikyo and Keihin-Tohoku, run off the rim of the Yamanote loop to the north and south.
0	2	0	14	JR East has a good English information line, 050-2016-1603 or 03-3423-0111.
0	2	0	14	Tokyo has an extensive subway network, which is the oldest network in Asia, with frequent trains, and these are primarily useful for getting around within the Yamanote loop.
0	2	0	14	The Tokyo Metro runs nine lines: Ginza, Marunouchi, Hibiya, Tozai, Chiyoda, Yurakucho, Hanzomon, Namboku and Fukutoshin lines.
0	2	0	14	Toei operates the Asakusa, Mita, Shinjuku, and Oedo lines.
0	2	0	14	While the JR Yamanote Line is not a subway line, due to its importance as a major transportation artery in downtown Tokyo, it is usually featured on subway maps.
0	2	0	14	In addition, there is a largely underground Rinkai Line, a private line which is operated by Tokyo Waterfront Area Rapid Transit (TWR), that passes through the island of Odaiba.
0	2	0	14	Announcements and signs are usually bilingual in Japanese and English, though in some areas frequented by tourists, signs in Korean and Chinese can also be seen.
0	2	0	14	That said, staff working at the stations rarely speak much, if any English.
0	2	0	14	A number of private commuter lines radiate from the Yamanote loop out into the outlying wards and suburbs, and almost all connect through directly to subway lines within the loop.
0	2	0	14	The private lines are useful for day trips outside the city, and are slightly cheaper than JR.
0	2	0	14	Among these, the most important to visitors is arguably the Yurikamome which offers great views on the way to the island of Odaiba.
0	2	0	14	Keep in mind that it is impolite to speak on the phone while aboard the train.
0	2	0	14	Instead, you should send text messages while switching it to silent mode.
0	2	0	14	It used to be a rule of etiquette to "stand on the left so people in a hurry can pass you on the right when using the escalator", however the current etiquette is to stand on both sides of the escalator without walking, because walking on the escalator can cause injuries.
0	2	1	15	Most tickets and passes are sold from automated vending machines.
0	2	0	15	These machines are cash only but give change.
0	2	0	15	At many JR stations, there are purple-colored reserved seat ticket vending machines where you can purchase tickets for JR lines using a credit card.
0	2	0	15	JR trains are free with a Japan Rail Pass.
0	2	0	15	Smart cards, instead of tickets, are convenient and highly recommended, because they allow you to ride trains without having to read the sometimes Japanese-only fare maps to determine your fare — see Japan/Get around/Smart cards and Japan/Money/Smart cards for more details on purchase, usage and card conditions.
0	2	0	15	Otherwise, the following day passes are available:
0	2	1	16	Who is making announcements in English?
0	2	0	16	In Tokyo, whichever train you take--namely, JR East, Tokyo Metro, Toei Subway, Tobu Railway, Seibu Railway, Odakyu Electric Railway, and Keisei Electric Railway--you will hear English announcements in a similar voice.
0	2	0	16	Actually, they are all announced by the same voice actor, Christelle Ciari.
0	2	0	16	In a Japanese interview she said: "Most railway companies I worked for did not give me any instruction on how to pronounce the station names in English.
0	2	0	16	So, I decided to read them in the original Japanese accent because I personally thought it was more natural and easier to comprehend for non-native speakers of English.
0	2	0	16	The only exception was JR East, which instructed me to announce the station names in an American accent."
0	2	0	16	Therefore, you will hear "Shibuya" on Tokyo Metro while you will hear "Sheebooyah" on JR trains.
0	2	1	17	If you are paying à la (smart) carte, subway and train fares are based on distance, ranging from ¥110 to ¥310 for hops within central Tokyo.
0	2	0	17	As a rule of thumb, Tokyo Metro lines are cheapest, Toei lines are most expensive, and JR lines fall somewhere in the middle (but are usually cheaper than Metro for short trips, i.e. no more than 4 stations).
0	2	0	17	Many of the private lines interoperate with the subways, which can occasionally make a single ride seem unreasonably expensive as you are in essence transferring to another line and fare system, even though you're still on the same train.
0	2	0	17	E.g. changing between Metro subway line and Tokyu private line amounts to paying the sum of each fare: minimum fare Metro ¥160 + minimum fare Tokyu ¥120 = ¥280.
0	2	0	17	In addition, several patterns of transfer are listed as "Transfer Discount", and the most famous one is ¥70 discount, that applies to a transfer between Tokyo Metro and Toei subway lines.
0	2	0	17	When using Suica or PASMO, you can get all transfer discounts automatically.
0	2	0	17	At some transfer stations, you may need to pass through a special transfer gate (both for paper tickets and PASMO/Suica) which is coloured orange – passing through the regular blue gate will not get you your transfer discount and if you have a paper ticket, you won't get it back.
0	2	0	17	At some transfer points (e.g. Asakusa station) you may actually need to transfer on street level as the two stations (Metro Ginza Line and Toei Asakusa Line) are not physically connected and are about one block apart.
0	2	0	17	It pays to check your route beforehand.
0	2	0	17	The Tokyo Subway Navigation for Tourists by the Tokyo Metro, is a mobile app that allows you to plan subway and train travel from point A to point B, based on time, cost, and transfers.
0	2	0	17	This app provides information for Tokyo only.
0	2	0	17	For other apps or sites which cover the whole country, see the Japan page.
0	2	0	17	If you can't figure out how much it is to the destination, you can buy the cheapest ticket and pay the difference at the Fare Adjustment Machine (norikoshi) at the end.
0	2	0	17	Most vending machines will let you buy a single ticket that covers a transfer between JR, subway and private lines, all the way to your destination, but working out how to do this may be a challenge if you are not familiar with the system.
0	2	0	17	When transferring between systems, whether paying with tickets or smart cards, use the orange transfer gates to exit.
0	2	0	17	Otherwise, you'll be charged full fare for both separate parts of your trip, instead of the cheaper transfer fare.
0	2	1	18	Most train lines in Tokyo run 05:00—01:00.
0	2	0	18	During peak hours they run about once every three minutes; even during off-peak hours it's less than ten minutes between trains.
0	2	0	18	The only night when regular passenger services run overnight is for the New Year's Holiday on select lines.
0	2	0	18	For additional information for train travel in Japan generally, refer to the By rail section in the Japan article.
0	2	1	19	Taxis are very pricey, but may be a value for groups of three or more.
0	2	0	19	Also, if you miss your last train, you may not have another choice.
0	2	0	19	Fares were revised in 2017 in an effort to make taxis more attractive for short-distance trips, though longer trips are still very expensive.
0	2	0	19	The fare for the standard taxis starts at ¥410 for up to 1 km (0.62 mi), and goes up ¥80 every 237 metres (0.147 mi) and for every 90 seconds in stopped or slow traffic.
0	2	0	19	A 20% night surcharge is tacked on from 22:00-05:00, and tolls are added for any trips using the expressway.
0	2	0	19	Here are some daytime fare examples based on Nihon Kotsu's taxi fare estimates (actual fares may vary):
0	2	0	19	Taxi rear left passenger doors are operated by the driver and open and close automatically.
0	2	0	19	Don't open or close them yourself.
0	2	0	19	Do not count on your taxi driver speaking English—or knowing more than the best-known locations, though most taxis have GPS "car navi" systems installed.
0	2	0	19	The best and easiest thing to do is to prepare a map marked with where you want to go, and point it out on the map to the taxi driver.
0	2	0	19	If you are staying at a hotel, they will provide a map.
0	2	0	19	If possible, get a business card, or print out the address in Japanese of any specific places you wish to go.
0	2	0	19	However, because in Japan streets are often unmarked, if the taxi driver does not have GPS he may not be able to do more than take you to the general vicinity of where you want to go.
0	2	0	19	Also, taxis can get caught in traffic jams.
0	2	0	19	No tips are expected or given.
0	2	0	19	Nihon Kotsu has a 24-hr English telephone number, 03-5755-2336, to call for a Nihon Kotsu taxi within Tokyo.
0	2	0	19	There is a booking fee payable to the driver at the end of the trip: ¥410 for an immediate hail or ¥820 for an advance booking.
0	2	0	19	If you already have a destination (or a few) in mind, the receptionist will electronically transmit the information to the driver so that you don't have to tell the driver yourself.
0	2	0	19	If you are hailing a taxi right away, the English receptionist will inform you about your assigned taxi by color, company name and taxi number.
0	2	0	19	A growing number of companies in Tokyo also offer taxi hails and ride requests by mobile app.
0	2	0	19	Your hotel's front desk can also call a taxi for you, subject to the same booking fees.
0	2	0	19	Uber-style ride hailing is illegal in Japan, although this may change in the future because taxi companies are suffering from shortages of drivers.
0	2	0	19	For the time being, you can use Uber to hail limousines and taxis for ¥500 surcharge, which may be worth it to bypass both the language barrier and potential payment hassles.
0	2	1	20	Tokyo is a gigantic warren of narrow streets with no names, with slow-moving traffic and extremely limited and expensive parking.
0	2	0	20	In this city with such an excellent mass transit system, you would need a good reason to want to drive around instead.
0	2	0	20	While renting a car can make sense in Japan in some contexts (e.g., visiting a rural onsen resort), in general it is neither convenient nor economical to rent a car to get around metro Tokyo.
0	2	0	20	Taxis are much more convenient if your budget allows it; walking or public transportation is much less expensive and given the difficulties of navigation and finding parking in popular areas, probably easier too.
0	2	0	20	If you do decide to plunge in and drive around by car, the main expressway serving Tokyo is the Shuto Expressway, abbreviated to Shutoko (首都高).
0	2	0	20	The C1 Loop Line forms a circle around central Tokyo, similar in fashion to how the Yamanote Line does it by rail.
0	2	0	20	But whereas the Yamanote Line charges ¥140-200 for a single trip, driving a car onto the Shutoko in Tokyo costs ¥1320 every time you enter the system (compact cars slightly cheaper), with additional tolls collected at various other locations.
0	2	0	20	Vehicles equipped with Electronic Toll Collection (ETC) tags pay a cheaper rate based on the distance driven.
0	2	0	20	Driving on the Tokyo Expressway at night can be a pleasant and beautiful experience as you whiz through and around the Tokyo nightlife.
0	2	0	20	When driving at night you should exercise caution and obey speed limits: Street racing over the Shutoko at night became popular in the 80s and 90s and still happens today, albeit on a less frequent basis.
0	2	0	20	Street racers often concentrate their driving on the C1 Loop Line and the Bayshore (more popularly known as the Wangan) Line.
0	2	0	20	"Competitors" sometimes hang out at parking and service areas on the Shutoko, especially the large Daikoku Parking Area at the intersection of the Bayshore Line and the K5 Daikoku Line in Yokohama.
0	2	1	21	The few areas within Tokyo that aren't easily accessible by train are served by various bus companies.
0	2	0	21	Buses operating within 23 wards of Tokyo have a fixed fare regardless of distance (¥210 on Toei buses and ¥220 on other private bus companies), which is paid upon boarding from the front door.
0	2	0	21	The fares are not transferable; however most buses do accept Suica or PASMO fare cards (see above).
0	2	0	21	Compared to the trains, the buses run much less frequently, carry fewer passengers, and are much slower.
0	2	0	21	This makes them amenable to the elderly residents of Tokyo, but rather inconvenient for travelers, who will also have to deal with lack of information in English and sometimes very well hidden bus stops.
0	2	0	21	Bus routes can be fairly complicated and are often not listed in detail at the bus stops; signs on the buses themselves often list only two or three main stops in addition to the origin and destination.
0	2	0	21	Inside the bus the next stop is usually announced several times, sometimes by a taped voice and sometimes by a mumbling driver.
0	2	0	21	Taped announcements in English are used on some lines, but are still rare.
0	2	0	21	Nevertheless, north–south routes are useful in the western side of the city since train lines (Odakyu, Keio, Chuo, and Seibu) tend to run east–west.
0	2	0	21	In an attempt to provide some information about their buses to foreign visitors/residents, Toei Bus has a web site that shows some of the main bus routes used to go to certain destinations in Tokyo.
0	2	0	21	This information is provided in English and several other languages.
0	2	0	21	You can download English route maps and apps at this site.
0	2	0	21	In addition, most private railway companies are accompanied by bus companies with corresponding names.
0	2	0	21	They serve the areas outside of Yamanote Line loop, around their railway lines.
0	2	0	21	Willer Express operates a hop-on, hop-off bus service called the Sky Hop Bus , which bills itself as "the first open-top double decker bus in Japan".
0	2	0	21	At a charge of ¥1,800 for a 24-hour pass and ¥2,500 for a 48-hour pass (children half price), you can ride these buses and hop on and off as often as you wish.
0	2	0	21	There are three bus routes that operate, all from the Marunouchi Building next to Tokyo Station:
0	2	0	21	One route serves Asakusa and Tokyo SkyTree, the second runs to Roppongi and Tokyo Tower, and the third runs to Odaiba.
0	2	0	21	The service only runs hourly, with departures from the Marunouchi Building between 10:20 and 18:30.
0	2	1	22	The Tokyo Cruise Ship Company operates a series of Water Bus ferries along the Sumida River and in Tokyo Bay, connecting Asakusa, Hinode, Harumi and Odaiba.
0	2	0	22	The ferries feature a recorded tour announced in English as well as Japanese and a trip on one makes for a relaxing, leisurely way to see the waterfront areas of Tokyo.
0	2	0	22	The super-futuristic Himiko ferry, designed by anime and manga creator Leiji Matsumoto, runs on the Asakusa-Odaiba Direct Line.
0	2	0	22	You might want to arrive well before the departure time just in case tickets on the Himiko sell out!
0	2	0	22	Tokyo Mizube Line (東京水辺ライン) also operates short routes starting from Ryogoku-Asakusa area.
0	2	1	23	Bicycles are very commonly used for local transport, but amenities like bicycle lanes are rare, drivers pay little heed to bikes and traffic can be very heavy on weekdays, so if you use a bicycle, do not be afraid to cycle on the sidewalk (everyone does).
0	2	0	23	Parts of Tokyo are surprisingly hilly, and it's a sweaty job pedaling around in the summer heat.
0	2	0	23	Central Tokyo can still be covered fairly comfortably by bike on the weekends.
0	2	0	23	Tokyo Great Cycling
0	2	0	23	Tour offers a one-day guided tour for biking around major tourist spots in Tokyo, like Marunouchi, Nihonbashi, Tsukiji, Odaiba, Tokyo tower, Imperial palace and so on.
0	2	0	23	Parking your bicycle becomes a challenge in Tokyo, especially in the downtown area where you need to pay for parking and cannot simply leave the bike by a store/restaurant/shrine entrances on the sidewalk.
0	2	0	23	Keep this in mind with renting a bicycle in dense urban areas of Japan.
0	2	0	23	Renting a bike is possible from some youth hostels, particularly around Asakusa, although it's not common.
0	2	0	23	However, buying a simple single-speed roadster is fairly cheap, and comes complete with a built-in bicycle wheel lock system (this is what most Tokyoites use).
0	2	0	23	An imported multiple-geared bike will be much more expensive so get a good lock, as bike theft is a common threat, although the problem is nowhere near as serious as in other countries.
0	2	0	23	Bicycle rentals are common around all of Japan and increasingly so in the more rural areas at train stations.
0	2	0	23	For rentals in the Tokyo area GS Astuto cycle shop has a full range of rental bikes geared at regular cyclists who primarily ride road bikes.
0	2	0	23	GS Astuto can also deliver bikes to your hotel where you will stay.
0	2	0	23	Another option is to choose a cycling tour with a company.
0	2	0	23	This can be a great way to get on a bike and see the best parts of Japan by bicycle.
0	2	0	23	Within Tokyo Soshi's Tokyo Bike Tour, Tokyo Great Cycling Tour, and Bicycle Tours Tokyo offer day tours of popular sites within central Tokyo by bike.
0	2	0	23	For an escape into the rural edges of Tokyo Bike Tour Japan takes guests on week long cycling adventures in the countryside just 1-2hrs from central Tokyo.
0	2	1	24	In this large city with such an efficient public transportation system, walking to get from point A to point B would seem a bit stupid at first glance.
0	2	0	24	However, as the city is extremely safe even at night, walking in Tokyo can be a very pleasant experience.
0	2	0	24	In some areas, walking can be much shorter than taking the subway and walking the transit (the whole Akasaka/Nagatacho/Roppongi area in the center is for instance very easily covered on foot).
0	2	0	24	If you have the time, Shinjuku to Shibuya via Omotesando takes roughly one hour, Tokyo Station to Shinjuku would be a half a day walk, and the whole Yamanote line Grand Tour takes a long day.
1	3	1	25	Tokyo has a vast array of sights, but the first items on the agenda of most visitors are the temples of Asakusa, the gardens of the Imperial Palace (in Chiyoda) and the Meiji Shrine (明治神宮 Meiji-jingū, in Harajuku).
0	3	0	25	Tokyo has many commercial centres for shopping, eating and simply wandering around for experiencing the modern Japanese urban phenomenon.
0	3	0	25	Each of these areas have unique characteristics, such as dazzling Shinjuku, youthful Shibuya and upmarket Ginza.
0	3	0	25	These areas are bustling throughout the day, but they really come to life in the evenings.
0	3	0	25	If you are looking for a viewing platform, Tokyo has plenty of options:
0	3	0	25	The city is dotted with museums, large and small, which center on every possible interest from pens to antique clocks to traditional and modern arts.
0	3	0	25	Many of the largest museums are clustered around Ueno.
0	3	0	25	Though, at ¥500–1,000 or more, entrance fees can add up quickly.
0	3	0	25	Yanaka is Tokyo's most traditional and quaint district.
0	3	0	25	It retains its pleasant atmosphere and old town ambience and offers a sightseeing opportunity from different parts of the city's metropolitan area.
0	3	0	25	Riding Sky Bus Tokyo, an open-top double-decker operated by Hinomaru Limousine (hourly 10:00–18:00), is a good option to take a quick tour around the city center.
0	3	0	25	The 45-min bus ride on the "T-01 course" will take you around the Imperial Palace via Ginza and Marunouchi district, showing the highlight of Tokyo's shopping and business center.
0	3	0	25	The fare is ¥1,500 for adults of 12 years old and over, and ¥700 for children between 4 and 11 years old.
0	3	0	25	You can borrow a multi-language voice guide system free of charge upon purchasing a ticket, subject to stock availability.
0	3	0	25	Four other bus courses are offered, including a night trip to Odaiba, but those trips are conducted in Japanese with no foreign language guidance.
0	3	0	25	The curious can study traditional culture such as tea ceremony, calligraphy, or martial arts such as Karate, Judo, Aikido and Kendo.
0	3	0	25	There are also many language schools to help you work on your Japanese.
0	3	0	25	Several universities in Tokyo cater to international students at the undergraduate or graduate level.
0	3	0	25	Teaching English (or to a lesser extent, other foreign languages) is still the easiest way to work in Tokyo, but the city also offers more work options than other areas of the country: everything from restaurant work to IT.
0	3	0	25	Certain nationalities are eligible for working holiday visas: for others, work permits can be very hard to come by without a job offer from a Japanese company.
0	3	0	25	Consult your local Japanese consulate/embassy as far in advance as possible.
0	3	1	26	Tokyo is one of the fashion and cosmetic centers in the Eastern world.
0	3	0	26	Items to look for include electronics, funky fashions, antique furniture and kimono, as well as specialty items like Hello Kitty goods, anime and comics and their associated paraphernalia.
0	3	1	27	Credit cards are widely accepted by major retailers, and there is a major government push to move towards cashless means of payment, including subsidies of 2-5% for doing so.
0	3	0	27	"Cashless" here includes credit cards, transport cards like Suica/PASMO, Google/Apple Pay on your phone and a plethora of local apps.
0	3	0	27	That said, cash remains king and many smaller shops and street stalls are still cash only.
0	3	0	27	ATMs usually give out only ¥10,000 notes, but retailers are generally happy to make change.
0	3	0	27	Most bank ATMs are not connected to overseas accounts.
0	3	0	27	However, the Japan Post ATMs are bilingual and will allow you to withdraw money from most overseas banks with your usual ATM card at the day's exchange rate without charging you any special fees.
0	3	0	27	The crime rate is very low, so don't be afraid of carrying around wads of cash as the Japanese do.
0	3	0	27	The average Japanese citizen will carry a month's worth of expenses on them (around ¥40,000 give or take).
0	3	1	28	See Buy under Japan for general caveats regarding electronics and media compatibility.
0	3	1	29	There are numerous convenience stores throughout Tokyo (such as Seven-eleven, Lawsons, and Family-Mart), which are open around the clock and sell not only food and magazines, but also daily necessities such as underwear and toiletries.
0	3	0	29	Supermarkets are usually open until 22:00, while drugstores and department stores usually close at 21:00.
0	3	1	30	Akihabara, Tokyo's Electric Town, is now also the unquestioned center of its otaku community, and the stores along Chuo-dori are packed to the rafters with anime (animation) and manga (comics).
0	3	0	30	Another popular district for all things manga/anime is the Nakano ward and its Broadway Shopping arcade.
0	3	0	30	Check out the Mandarake shop for loads of used and rare mangas.
0	3	0	30	There has been an "otaku boom" in Akihabara.
0	3	0	30	A lot of attention in particular was paid to the town thanks to the popular Japanese drama "Densha Otoko", a (true) love story about an otaku who saves a woman from a molester on a train and their subsequent courtship.
0	3	0	30	Akihabara was previously known for its many live performances and cosplayers, some of which had drawn negative attention due to extremist performers.
0	3	0	30	These have become increasingly scarce following the Akihabara massacre in 2008, although girls in various maid costumes can still be seen standing along the streets handing out advertisement fliers to passers by for maid cafes.
0	3	0	30	If you like a specific anime or character, Tokyo has no shortages of official stores dedicated to a specific character or anime series.
0	3	0	30	Serious collectors should head for the Antique Mall in Ginza or the Antique Market in Omotesando, which are collections of small very specialist shops (samurai armor, ukiyo-e prints, etc).
0	3	0	30	However, the prices tend to be very high.
0	3	0	30	Less wealthy shoppers can venture over to Nishi-Ogikubo, which sells scrolls of calligraphy (and some other similar items) for a few thousand yen.
0	3	0	30	The Antique Festival (全国古民具骨董祭り) is held over the weekend about 5-6 times a year at the Tokyo Ryutsu Center, on the Tokyo Monorail line, and is well worth a visit.
0	3	0	30	Jinbocho is to used books what Akihabara is to electronics.
0	3	0	30	It's clustered around the Jinbocho subway stop.
0	3	0	30	The Blue Parrot is another shop at Takadanobaba on the Yamanote line, just two stops north of Shinjuku.
0	3	1	31	Ever since Sony and Nikon became synonymous with high-tech quality, Tokyo has been a favored place for buying electronics and cameras.
0	3	0	31	Though the lines have blurred since the PC revolution, each has its traditional territory and stores: Akihabara has the electronics stores, including a large number of duty-free shops specializing in export models, and Shinjuku has the camera stores.
0	3	0	31	Unfortunately, local model electronics are not cheap, but the export models are similar to what you'll pay back home.
0	3	0	31	You can sometimes find cheap local models if you avoid big shops and check smaller retailers.
0	3	0	31	It's also surprisingly difficult to find certain things e.g. games machines.
0	3	1	32	Shibuya and neighboring Harajuku are the best-known shopping areas for funky, youthful clothes and accessories.
0	3	0	32	Almost without exception, clothes are sized for the petite Japanese frame.
0	3	0	32	Department stores and exclusive boutiques stock every fashion label imaginable, but for global labels prices in Tokyo are typically higher than anywhere else in the world.
0	3	0	32	The famous Ginza and Ikebukuro's giant Seibu and Tobu department stores (the largest in the world) are good hunting grounds.
0	3	0	32	Roppongi Hills and the adjacent Tokyo Midtown have emerged as popular shopping malls for high-end shopping, with many major global and local Japanese brands.
0	3	0	32	Other department stores in Tokyo are Mitsukoshi, Marui (OIOI), Matsuzakaya, Isetan, Matsuya and Takashimaya.
0	3	0	32	Mitsukoshi is Japan's biggest department store chain.
0	3	0	32	Its anchor store is in Nihonbashi, and is particularly known for its premier kimono department.
0	3	0	32	Marui Men store in Shinjuku has eight floors of mid to high-end fashion for men only.
0	3	0	32	The district for this is Kappabashi Street near Asakusa, also known as “Kitchen Town.”
0	3	1	33	The street is lined with stores selling all kinds of kitchen wares — this is where the restaurants of Tokyo get their supplies.
0	3	0	33	It's also a great place to find cheap Japanese ceramics, not to mention plastic food!
0	3	1	34	Ochanomizu is to the guitar what Jinbocho is to used books.
0	3	0	34	There, you'll find what must be the world's densest collection of guitar shops.
0	3	0	34	Plenty of other musical instruments (though not traditional Japanese ones) are also available.
0	3	1	35	For touristy Japanese knickknacks, the best places to shop are Nakamise in Asakusa and the Oriental Bazaar in Omotesando, which stock all the kitschy things like kanji-emblazoned T-shirts, foreigner-sized kimono, ninja outfits for kids and ersatz samurai swords that can be surprisingly difficult to find elsewhere.
0	3	0	35	Both also have a selection of serious antiques for the connoisseur, but see also Antiques above.
0	3	0	35	Bustling open-air bazaars in the Asian style are rare in Tokyo, except for Ueno's Ameyoko, a legacy of the postwar occupation.
0	3	0	35	Yanaka Ginza in the Shitamachi Taito district, a very nice example of a neighborhood shopping street, makes for an interesting afternoon browse.
0	3	1	36	There are often small flea and antique markets in operation on the weekend at major (and minor) shrines in and around Tokyo.
1	4	1	37	Visitors from Western countries may be surprised to find that despite its justified reputation for being an expensive city, eating out in Tokyo can be surprisingly affordable.
0	4	1	38	While fine dining establishments in Tokyo can be some of the most expensive in the world, at the budget end of the spectrum, it is fairly easy to find a basic rice or noodle joint serving up meals starting from ¥400; a price that is unmatched even by McDonald's or other fast food chains in the West.
0	4	0	38	Tokyo has a large quantity and variety of food.
0	4	0	38	Department stores have food halls, typically in the basement, with food which is comparable to top delicatessans in other world cities (though mostly Japanese and Japanized foreign food).
0	4	0	38	Some basements of train stations have supermarkets with free taste testers.
0	4	0	38	It's a great way to sample some of the strange dishes they have for free.
0	4	0	38	Tokyo has a large number of restaurants, so see the main Japan guide for the types of food you will encounter and some popular chains.
0	4	0	38	Menus are often posted outside, so you can check the prices.
0	4	0	38	Some shops have the famous plastic food in their front windows.
0	4	0	38	Don't hesitate to drag the waiting staff out to the front to point at what you want.
0	4	0	38	Always carry cash.
0	4	0	38	Many restaurants will not accept credit cards.
0	4	0	38	Tokyo has tens of thousands of restaurants representing many cuisines in the world, though sometimes adjusted for local tastes, but it also offers a few unique local specialties.
0	4	0	38	Within Japan, Tokyo cuisine is best known for 3 dishes: sushi, tempura, and unagi (freshwater eel).
0	4	0	38	Nigirizushi (fish pressed onto rice), known around the world simply as "sushi," in fact originates from Tokyo, and within Japan is known as Edo-mae zushi (Edo-style sushi).
0	4	0	38	Another is monjayaki (もんじゃ焼き), a gooey, cabbage-filled version of okonomiyaki that uses a very thin batter to achieve a sticky, caramelized consistency.
0	4	0	38	It is originally from the Tsukishima area of Chuo and today there are many restaurants near Asakusa offering monjayaki.
0	4	0	38	Go to a convenience store (konbini), there is one on every second corner.
0	4	0	38	Really, the options may surprise you.
0	4	0	38	You can get rice balls (onigiri), bread-rolls, salads, prepared foods (like nikuman and oden), and drinks (both hot and cold) for ¥100-150, bentō lunch boxes for around ¥500 and sandwiches for ¥250-350.
0	4	0	38	At most convenience stores, microwaves are available to heat up your food for no additional cost.
0	4	0	38	Supermarkets (sūpā) are usually cheaper and offer a wider choice, but are more difficult to find.
0	4	0	38	(Try Asakusa and the sidestreets of Ueno's Ameyoko market for local—not big chain—supermarkets.).
0	4	0	38	Supermarkets are a good place to buy discount food after 20:00.
0	4	0	38	Also, ¥100 shops (hyaku-en shoppu) have become very common, and most have a selection of convenient, ready to eat items.
0	4	0	38	There are ¥100 shops near most minor train stations, and usually tucked away somewhere within two or three blocks of the big stations.
0	4	0	38	In particular, look for the green and red "Lawson 100" signs; these chains are essentially small grocery stores.
0	4	0	38	Also, look for bentō shops like Hokka-Hokka-Tei and Hotto-Motto which sell take-out lunch boxes.
0	4	0	38	They range in quality and cost, but most offer good, basic food at a reasonable price.
0	4	0	38	This is what students and office workers often eat.
0	4	0	38	Noodle shops, curry shops, and bakeries are often the best option for people eating on the cheap.
0	4	0	38	They are everywhere.
0	4	0	38	The noodle bars on every corner are great for filling up and are very cheap at ¥300–1000.
0	4	0	38	You buy your meal ticket from a vending machine at the door with pictures of the dishes and hand it to the serving staff.
0	4	0	38	The one question you will typically have to answer for the counterman is whether you want soba (そば) (thin brown buckwheat) or udon (うどん) (thick white wheat) noodles.
0	4	0	38	Some offer standing room only with a counter to place your bowl, while others have limited counter seating.
0	4	0	38	During peak times, you need to be quick as others will be waiting.
0	4	0	38	Pseudo Chinese-style ramen (ラーメン) (yellow wheat and egg noodles) are a little more expensive and typically sold in specialist shops, with prices starting from ¥400, but are typically served in very flavourful pork or chicken broth that has been boiled overnight.
0	4	0	38	Tokyo is generally known among the Japanese for shoyu ramen, in which soy sauce is used to add flavour to the pork broth.
0	4	0	38	Fast food is available just about everywhere, including many American chains like McDonald's, Burger King, Subway and KFC.
0	4	0	38	But if you are visiting Japan from overseas, and wish to sample Japanese fast food, why not try MOS Burger, Freshness Burger, Lotteria, or First Kitchen?
0	4	0	38	If you're looking for something more Japanese, try one of the local fast food giants, Matsuya, Yoshinoya, and Sukiya, which specialize in donburi: a giant bowl of meat, rice, and vegetables, sometimes with egg thrown in for good measure, starting around ¥450 for the flagship gyūdon (beef bowl).
0	4	0	38	Another good option is oyako don (chicken and egg bowl, literally “mother and child bowl”), which the somewhat smaller chain Nakau specializes in.
0	4	0	38	Drinking water or hot ocha (Japanese green tea) is usually available at no extra cost.
0	4	0	38	There are also a number of tempura chains, with some budget options.
0	4	0	38	More upscale but still affordable and rather more interesting, is Ootoya, which serves up a larger variety of home-style cooking for under ¥1000.
0	4	0	38	Yayoi-ken is a chain of eateries serving teishoku, complete set meals: buy a ticket from the machine, and you'll get miso soup, main course (fish or meat, often with vegetables), rice (bottomless, just ask for refills), a small hunk of fresh tofu, pickles and tea, and still be left with some change from your ¥1000.
0	4	0	38	Raw fish enthusiasts are urged to try kaitenzushi (conveyor belt sushi), where the prices can be very reasonable.
0	4	0	38	Prices do depend on the color of the plate, however, and some items are very expensive, so be sure to check before they start to pile up.
0	4	0	38	A great option for a quick bite or for groups is yakitori (grilled chicken) – individual skewers are often below ¥150.
0	4	0	38	Many of the larger train and subway stations have fast, cheap eateries.
0	4	0	38	Around most stations, there will be ample choices of places to eat, including chain coffeeshops (which often serve sandwiches, baked goods, and pasta dishes), yakitori places, and even Italian restaurants.
0	4	0	38	There are a great many excellent and affordable lunch choices in busier neighborhoods like Shibuya and Shinjuku, especially during the week – expect to spend about ¥1000 (without drinks) for a meal.
0	4	0	38	By tradition the basement of almost any department store, including Mitsukoshi, Matsuzakaya, or Isetan, is devoted to the depachika (デパ地下), a huge array of small shops selling all kinds of prepared take-out food.
0	4	0	38	You can assemble a delicious if slightly pricey picnic here – or, if you're feeling really cheap, just go around eating free samples!
0	4	0	38	The very largest department stores are Tobu and Seibu in Ikebukuro, but Shibuya, Ginza and in fact any major Tokyo district will have their fair share.
0	4	0	38	Shinjuku Station is home to several famous department stores, such as the Keio and Odakyu department stores.
0	4	0	38	Many stores begin discounting their selections at about 19:00 each night.
0	4	0	38	Look for signs and stickers indicating specific yen value or percentage discounts.
0	4	0	38	You will often see half-price stickers which read 半値 (hanne).
0	4	0	38	This discounting is also common at supermarkets at the smaller stations, although the quality may be a notch or two down from the department stores, it's still perfectly edible.
0	4	0	38	The ubiquitous izakaya, a cross between a pub and a casual restaurant, invariably serve a good range of Japanese dishes and can be good places to fill up without breaking the bank: in most, an evening of eating and drinking won't cost more than around ¥3000 per person.
0	4	0	38	See Drink for details.
0	4	0	38	There is a great variety of restaurants serving Tokyo's world-famous sushi at every price point, with fish fresh from Toyosu, the world's largest fish market.
0	4	0	38	It is possible to get sushi for as little as ¥100/piece or less (at chain stores), or spend upwards of ¥10,000 (at elegant Ginza restaurants), but a typical spend is ¥3000–4000, depending on selection (drinks extra).
0	4	0	38	Usually omakase (chef's choice) gives a good deal and selection, to which you can add a piece or two a la carte if desired.
0	4	0	38	A popular choice with tourists is a sushi breakfast at Tsukiji, former home of the fish market, particularly for one's jet-lagged first morning, or after a night out partying.
0	4	0	38	Most sushi shops in the outer market of Tsukiji open at 8 or 9AM, though there are some 24-hour shops, and particularly popular are two small stores in the inner market that open before 6AM and feature market ambience and very long queues; see Chuo: Mid-range dining.
0	4	0	38	The best-known tempura chain is Tsunahachi, where depending on the store you can pay from below ¥1000 for lunch to over ¥6000 for dinner.
0	4	0	38	A classic modern Japanese dish is tonkatsu (“pork cutlet”), and there are good Tokyo options; the fattier loin (ロース “roast”) is generally considered tastier than the leaner fillet (hire ヒレ).
0	4	0	38	The most famous restaurant is Tonki, right by Meguro station (1-1-2 Shimo-Meguro, Meguro-ku, Tokyo), serving a standard meal at about ¥1600, dinner only (from 16:00).
0	4	0	38	While it is an institution with a loyal clientele (and frequent lines), and decidedly has atmosphere (similar to an established New York deli), the food gets mixed reviews, and is less succulent than other options – an interesting experience, however.
0	4	0	38	Next most famous is the chain Maisen (まい泉), which serves delicious if somewhat expensive tonkatsu (various varieties and seasonal options) at many locations in Tokyo, most notably at their flagship shop in Aoyama by Omotesandō station (Jingumae 4-8-5, closing at 19:00).
0	4	0	38	The top-end dish is Okita Kurobuta (Berkshire pork by Mr. Okita), at ¥3,800 for a meal, though they have cheaper options.
0	4	0	38	A modern option is Butagumi, at Nishi-Azabu 2-24-9 (west of Roppongi station), serving a variety of premium pork brands expertly prepared.
0	4	0	38	Tokyo also has a large number of Korean restaurants, generally midrange, and many yakiniku (grilled meat) restaurants are Korean-influenced.
0	4	0	38	Tokyo has the world's highest number of Michelin-starred restaurants, with prices to match.
0	4	0	38	For upmarket Japanese eats, Ginza is guaranteed to burn a hole in your wallet, with Akasaka and Roppongi Hills close behind.
0	4	0	38	Top-end restaurants are primarily Japanese, with a few French.
0	4	0	38	Tokyo is widely regarded as the spiritual home of a fine style of sushi known as edomae-zushi (江戸前寿司).
0	4	0	38	Besides sushi, Tokyo's fine dining scene also includes Japanese contemporary, tempura and kaiseki.
0	4	0	38	You can limit the damage considerably by eating fixed lunch sets instead of dinner, as this is when restaurants cater to people paying their own meals instead of using the company expense account.
0	4	0	38	However, Tokyo's fine dining scene is notoriously inaccessible to foreign visitors, as most establishments do not accept reservations from new customers; you will need to be introduced by one of their regular diners in order to dine there.
0	4	0	38	That said, it is possible to book a spot at some of these establishments through your hotel concierge if you do so many months in advance, though only the most expensive luxury hotels will have the necessary clout to do this.
0	4	0	38	Also keep in mind that many fine dining establishments do not accept credit cards, and you will be expected to pay for your meal in cash.
0	4	0	38	There are four 3-star sushi restaurants in Tokyo, of which the most famous internationally is Sukiyabashi Jiro (home[dead link]), due to the movie Jiro Dreams of Sushi; reservations must be made on the 1st day of the preceding month, as they book up that day, and dinner is from ¥30,000.
0	4	0	38	The cheapest of these top sushi restaurants is Saitō Sushi (+81 3 3589 4412), where a small lunch can be had for as little as ¥5,000.
0	4	0	38	The party never stops in Tokyo (at least in the karaoke bars), and you will find good little bars and restaurants everywhere.
0	4	0	38	The most Japanese way to spend a night out as an individual or in a small group would be at Japanese-style watering holes called izakaya (居酒屋), which offer food and drink in a convivial, pub-like atmosphere (see Japan for details).
0	4	0	38	Cheaper chain izakaya like Tsubohachi (つぼ八) and Shirokiya (白木屋) usually have picture menus, so ordering is simple, even if you don't know Japanese – but don't be surprised if some places have Japanese only touchscreen ordering systems.
0	4	0	38	Another common option, which is often unbelievable to non-Japanese ears, is “all you can drink” (nomihōdai, 飲み放題), where you can drink all you want from a fixed menu for 90 minutes or 120 minutes.
0	4	0	38	This is aimed at group parties, and is generally paired with a meal, often “all you can eat” (tabehōdai, 食べ放題), often in a private room.
0	4	0	38	Receiving the items ordered will depend on how often your servers decide to bring out these items, which means you may be "throttled" to an extent, and may feel less than a true "all you can drink/eat" experience.
0	4	0	38	This depends on the establishment.
0	4	1	39	There are also a number of cheap bars where you can get a drink for ¥300 or even cheaper.
0	4	0	39	Tokyo's most distinctive drink is Hoppy (hoppi, ホッピー), a virtually non-alcoholic beer-flavored drink (0.8% alcohol), which is drunk by mixing with shōchū (at 25%) at a 5:1 ratio, yielding an about 5% alcohol drink, essentially a substitute beer.
0	4	0	39	This is available in older izakaya and has experienced a retro revival of late, though it is not particularly tasty.
0	4	0	39	Another distinctively Tokyo drink is Denki Bran (電気ブラン, “electric brandy”), a herb-flavored brandy available (to drink in or in bottles) at the Kamiya bar (神谷バー) in Asakusa, right at the main intersection by the metro station.
0	4	0	39	The major brands of beer are widely available, typically ¥500–800 per glass or bottle, but microbrews and foreign beer are only rarely available and often very expensive.
0	4	0	39	You're generally better off getting bottles of microbrews at speciality stores.
0	4	0	39	Popeye in Ryōgoku is a rare exception, with 70 beers on tap!
0	4	0	39	Another popular choice is Beer Station at Ebisu, serving a variety of Yebisu beers and matching German food.
0	4	0	39	For a splurge on a beverage or two, Western Shinjuku's Park Hyatt Tokyo houses the New York Bar on level 52.
0	4	0	39	Providing stunning views day and night across Tokyo, it was also the setting for the movie Lost in Translation.
0	4	0	39	Cocktails here start around ¥1400 – single malt whiskies are upwards of ¥2000.
0	4	0	39	Amazing cocktails, served in “tasting flights” of 4 or 6 drinks, are made by Gen Yamamoto at his bar in Azabu-Jūban, at about ¥6000 for 6 drinks (a la carte cocktails are available in larger pours for ¥1600–1800).
0	4	1	40	Visiting clubs and western-style night spots can get expensive, with clubs and live houses enforcing weekend cover charges in the ¥2000–5000 bracket (usually including a drink coupon or two).
0	4	0	40	If you're new in town, Roppongi has establishments which specialize in serving foreigners – but it's also overflowing with foreigners, hostesses, and 'patrons' who will continually hassle you to visit their gentlemen's clubs, where drinks cost ¥5000 and up.
0	4	0	40	Many Japanese and foreigners avoid this area, preferring the clubs and bars in Shibuya instead, or trendy Ginza, Ebisu, or Shinjuku.
0	4	0	40	HUB and 82 Ale House, a chain of British-style cash-on-delivery pubs, has branches near most major stations and is reasonably priced and popular among foreigners and Japanese alike.
0	4	0	40	Other British/Irish pubs can be found in Roppongi, Shinjuku and Shibuya.
0	4	0	40	Expect to pay around ¥1000 a pint, although happy hours can reduce this by a few hundred yen.
0	4	0	40	In Shibuya, the bar area behind 109 (not 109-2) and next to Dogenzaka ("Love Hotel Hill") has a large number of clubs.
0	4	0	40	Unlike those in Roppongi and Shibuya's Gas Panic, these clubs have entrance fees, but clubs without entrance fees often hassle you all night to buy drinks which ends up just as expensive and without people who are actually there to enjoy the music.
0	4	0	40	Shinjuku is home to Kabukichō, Japan's largest red-light district.
0	4	0	40	Also in Shinjuku is the gay bar district of Shinjuku-nichome.
0	4	0	40	A little further from the city center are Shimokitazawa, Koenji and Nakano, full of good bars, restaurants and "live houses" offering underground/indie music popular with students and 20/30-somethings.
1	5	1	41	There are thousands of hotels in the Tokyo area, ranging from cheap to very expensive.
0	5	0	41	They are distributed throughout the city, with some of the high end and the low end almost everywhere.
0	5	0	41	Many Western-style hotels, especially those affiliated with American hotel chains, have English-speaking staff.
0	5	0	41	For long-term accommodation, be prepared to splurge as Tokyo's real estate prices are among the highest in the world, and apartments in the area are typically very cramped.
0	5	0	41	Many locals actually live in the neighbouring cities and commute to Tokyo for work everyday due to the astronomical rents in Tokyo, and one-way commuting times can often last more than 2 hours.
0	5	0	41	Much of Tokyo's budget accommodation can be found in the Taito area, especially Asakusa and Ueno.
0	5	0	41	But if you are not afraid of being a little bit off-center, you may have a look to the surroundings: Yokohama, etc.
0	5	0	41	Most of the cheap accommodations in the Taito area (near JR Minami-senjuu) have curfew times around 22:00 to 23:00, so be sure to check that in advance if it bothers you.
0	5	0	41	One hotel that does not have a curfew is Kangaroo Hotel, rooms starting at ¥3200.
0	5	0	41	There's also Economy Hotel Hoteiya, rooms starting at ¥2700.
0	5	0	41	Capsule hotels are generally the cheapest option.
0	5	0	41	They may be reluctant to play host to foreigners as there are quite a few rules of behavior which may be difficult to explain; see the Japan article for the full scoop.
0	5	0	41	Most capsule hotels are men-only.
0	5	0	41	Akihabara Capsule Inn is among the very few to have women-only floors.
0	5	0	41	24-hour comic book library/internet cafes known as manga kissa, are common in Tokyo.
0	5	0	41	This is one of the cheapest ways to crash if you miss your last train and need to wait for the early morning transit service to get started.
0	5	0	41	No bed, but you have a comfy chair and a PC and/or DVDs if you can't sleep.
0	5	0	41	Later in the evening, karaoke boxes often offer discounted prices for the whole night, they usually have a couch you can sleep on.
0	5	0	41	Most of these cyber cafes charge ¥1500–2500 for 8 hours.
0	5	0	41	One of the cheapest ways to stay can be also a youth hostel, prices start at ¥1200, e.g. in the Shinjuku area.
0	5	0	41	If you are truly on a budget, it is possible to go homeless and camp in public parks, for free.
0	5	0	41	You can do this with a tent, if you want to carry one, and you can also sleep on benches, as exhausted salarymen and students do.
0	5	0	41	It's also possible to do this all over Japan, It's called nojuku in Japanese.
0	5	0	41	There is a wide range of choices in hotels while at Tokyo, most of the hotels are rated 3 stars or more.
0	5	0	41	Tokyo is among most of the other cities when it comes to hotels because their services and hotel locations are the best of the best.
0	5	0	41	Keep an eye out for what is called a business hotel.
0	5	0	41	The rooms are usually tiny, but they are near stations and rates start from around ¥6000.
0	5	0	41	Staff may speak minimal English, but it's not too hard to figure out.
0	5	0	41	These are the best options for solo travelers.
0	5	0	41	Affordable chains found throughout Tokyo include Tokyu Stay, which offers free internet access and breakfast, Toyoko Inn, Chisun and Sunroute.
0	5	0	41	Tokyo has some self-proclaimed ryokan (Japanese inns) that cater largely to foreign tourists, mostly concentrated around Ueno and Asakusa.
0	5	0	41	While not as opulent as the real thing, they offer a sample of Japanese home life at affordable rates.
0	5	0	41	Japan's infamous love hotels can be a reasonable (and interesting) option in Tokyo.
0	5	0	41	Shibuya's Dogenzaka ("Love Hotel Hill") offers the widest selection in the city.
0	5	0	41	If you're really going to spend the night, be sure to check in for a "stay" rather than a "rest".
0	5	0	41	Be warned that some love hotels (at least around Shinjuku) have a 'No Japanese, no stay' policy, presumably to avoid confusion over billing; others lock you into your room until you pay into a slot by the door to leave.
0	5	0	41	You can spend a fortune on accommodation in Tokyo.
0	5	0	41	Most of the high-end international chains are well represented.
0	5	0	41	Particular concentrations of luxury hotels can be found in western Shinjuku (including the Park Hyatt Tokyo, featured in Lost in Translation), near Tokyo Station and Marunouchi (including the legendary Imperial Hotel) and in Akasaka.
0	5	0	41	Beware of hotels marketing themselves as being at "Tokyo Bay".
0	5	0	41	At best, this means you'll be in or near the Odaiba district, built on reclaimed land half an hour away from the city center; at worst, you'll end up somewhere on the coast of the adjacent prefecture of Chiba, which is handy for visiting Tokyo Disneyland but quite inconvenient for touring Tokyo itself.
0	5	1	42	Good connections are available at Internet cafes everywhere.
0	5	0	42	Expect to pay ¥400–500 per hour.
0	5	0	42	"Gera Gera" is a popular chain.
0	5	0	42	Paid WiFi service is also taking off in Tokyo with reasonable coverage – at a price.
0	5	0	42	WiFi services are probably not convenient for those just visiting.
0	5	0	42	It is possible to find wireless connections in fast food outlets like McDonald's or Mos Burger.
0	5	0	42	You also have a good chance to find a connection in one of the numerous coffee shops.
0	5	0	42	Just look for a wireless connection sign in the front window or computers within the shop.
0	5	0	42	Free wireless is not nearly as prevalent in Japan as it is in the West.
0	5	1	43	Foreigners are forbidden from buying disposable "burner" mobile phones and SIM cards, but it is possible to rent mobile phones, SIM Cards, and portable wifi hotspots.
1	6	1	44	Tokyo is probably one of the safest big cities you will ever visit, and Japan in general is one of the safest places to visit in the world.
0	6	0	44	Most people, including single female travellers, would not encounter any problems walking along the streets alone at night.
0	6	0	44	Street crime is extremely rare, even late at night, and continues to decrease.
0	6	0	44	However, "little crime" does not mean "no crime", and common sense should still be applied as anywhere in the world.
0	6	0	44	Often the biggest risk is travellers taking Japan's visibly apparent lack of crime too close to heart and doing things they would never do back home.
0	6	0	44	The most common crime is sexual harassment on crowded trains, pressed up against each other, hands wander.
0	6	0	44	This is more of a local problem as westerners are considered more aggressive and would stick up for themselves.
0	6	0	44	The best way to deal with any wandering hands is to yell "Chikan!" which is the Japanese term for "pervert".
0	6	0	44	There are railway police offices inside major railway stations in Tokyo, and their locations can be found here.
0	6	0	44	You may alternatively dial the police at ☏ +81-03-3581-4321 to report sexual harassment.
0	6	0	44	Small police stations, or kōban (交番), can be found every few blocks, and provide community policing.
0	6	0	44	If you get lost or need assistance, by all means go to them; it's their job to help you!
0	6	0	44	They have great maps of the surrounding area, and are happy to give directions.
0	6	0	44	They may, however, have difficulties with English, so some knowledge of the Japanese language helps.
0	6	0	44	Staffing of kōbans is usually limited, and should you need to report a crime, you should lodge them at your nearest police station (警察署), which are marked with a circle with a cross on maps and signs.
0	6	0	44	Take usual precautions against pickpockets in crowded areas and trains.
0	6	0	44	Also, theft is more likely to occur in hangouts and bars popular with travellers and non-residents.
0	6	0	44	The red-light and nightlife districts can be a bit seedy, but are rarely dangerous.
0	6	0	44	Some small, back-street drinking establishments in red-light districts have been known to charge extortionate prices.
0	6	0	44	Similar problems exist in the seedier upscale clubs in Roppongi, where it may be wise to check cover charges and drink prices in advance.
0	6	1	45	Still in a jam?
0	6	0	45	Call Tokyo English Life Line, tel. 03-5774-0992, daily 09:00-23:00.
0	6	1	46	If you make it as far out as the Izu Islands, visitors to Miyakejima Island are required to carry a gas mask, due to volcanic gases.
0	6	0	46	Those in poor health are advised against travelling to the island.
0	6	0	46	In addition, Tokyo, like the rest of Japan is at risk for earthquakes.
0	6	1	47	In Tokyo, like other Japanese cities, a place's address is nearly useless for actually getting there.
0	6	0	47	Most roads have no name.
0	6	0	47	Addresses are written in order from largest to smallest; an example address written as 丸ノ内1丁目5-6 or 丸ノ内1-5-6 would be the neighborhood of Marunouchi (名駅), district (chōme) 1, block 5, house 6.
0	6	0	47	(Addresses are usually written in English as "Marunouchi 1-5-6", or "4-5-6 Marunouchi".)
0	6	0	47	Additional numbers may be appended for the floor or room number.
0	6	0	47	Numbering for districts, blocks, and houses is often not sequential; numbers are usually assigned as buildings are built, chronologically, or based on distance from the city center.
0	6	0	47	Small signs near street corners display the ward/neighborhood and district in Japanese (such as 丸ノ内1丁目, Marunouchi 4-chōme); they often include the block number, but sometimes not, in which case the signs are very unhelpful since a district could be a dozen or more blocks.
0	6	0	47	A building's entrance will usually show the block and house number (such as 5–6, sometimes written 5番6号), but not the district.
0	6	0	47	To find your address, make your way to the ward, then start looking for the signs near street corners.
0	6	0	47	The chōmes may be numbered in a logical way — chōme 4 next to chōme 3, or they may not be.
0	6	0	47	Once you locate the correct chōme, start looking for your block.
0	6	0	47	Again, block 5 may be close to block 4.
0	6	0	47	Then walk around the block looking for building 6.
0	6	0	47	Ganbatte!
0	6	0	47	(Good luck.)
1	7	1	48	Tokyo is the most accessible city in Japan with over 90% of the train stations being wheelchair accessible, along with most tourist attractions.
0	7	0	48	Crowding on trains can be difficult for some people, but wheelchair spaces are available.
0	7	0	48	Finding accessible restaurants can be hard to access since they often have steps or are very small.
0	7	0	48	Department stores often have accessible restaurants on the top floors.
0	7	1	49	From Tokyo, the entire surrounding Kanto region is your oyster.
0	7	0	49	Particularly popular destinations nearby include:
0	7	0	49	The Tokyo area also has some less-famous destinations that are easy day trips from central Tokyo:
0	7	0	49	And don't forget the islands to the south of Tokyo: