boundary-coarse	segment-coarse	boundary-fine	segment-fine	sentence
1	1	1	1	Hi.
0	1	0	1	My lovely has provided me with some new plants, which I am grabbing now, and I'm going to set them up in my little garden, and tomorrow I'll be replanting them. :)
0	1	0	1	I've already been growing it for...maybe a couple of months now; maybe five, six months, which is some tomatoes.
0	1	0	1	And now, I'm adding some new ones to it.
1	2	1	2	So, here's the very cute basket I've been given, and this one, this beautiful one, is mint as I love having mint in my drinks.
0	2	0	2	This one is Basil because I also love pesto, and I'm a fanatic about colors, so (my lovely) provided me a multicolored flowers- flowers set.
0	2	0	3	This is my lovely tomato garden.
0	2	1	3	We have our tomatoes already blooming, coming in.
0	2	0	3	I've already picked a lot.
0	2	0	3	Here is my roma tomatoes.
0	2	0	3	You can see the tag back there, and these beautiful, beautiful tomatoes.
0	2	0	3	This one I picked as it’s quite red already.
0	2	0	3	So, today I just collected four.
0	2	0	3	This one I took off, it wasn't ready to come off, but it was looking a bit pale.
0	2	1	4	I also have potatoes growing.
0	2	0	4	They're not going to be ready until all of these die, and then, we’ll know, the potatoes are ready.
1	3	1	5	Hello~!
0	3	0	5	This is two days since that previous clip, and this is all my tomatoes and I found some buggies eating some of the tomatoes, but, it's okay.
0	3	0	5	Aww~, hello handsome, hello.
0	3	0	5	Hi.
0	3	0	5	Today is a beautiful day where it's actually sunny.
0	3	0	5	Look.
0	3	0	5	Yay!
0	3	1	6	So, today we are finally going to be transferring our vegetables over.
0	3	0	6	I’ve brought my basket.
0	3	0	6	As you can see.
0	3	0	6	Yeah, I'm going to pick up my plants and some tomatoes.
0	3	0	6	Do you see that?
0	3	0	6	That, my friends, is a beautiful tomato.
0	3	0	6	Are you ready?
0	3	0	6	I’ve deemed it ready.
0	3	0	6	It's quite a nice red color, actually.
0	3	0	6	Wow.
0	3	0	6	Look at that.
0	3	0	6	Size of my hand.
0	3	0	6	That's amazing.
0	3	0	6	That is amazing.
0	3	0	6	I moved the leaves of this one because, as you can see, it's been not getting any sunlight.
0	3	0	6	So, I think it's been taking a bit of a hit.
0	3	0	6	They are all just slightly orange, orange-y red.
0	3	0	6	So, I might leave them just the rest of today.
0	3	0	6	It’s sort of like treasure hunting except it’s in a, in a giant bush.
0	3	0	6	Just me and my plant babies going off to new homes.
1	4	1	7	Hi.
0	4	0	7	I hope you can hear me, but, I've set up a little station for repotting.
0	4	0	7	I'm going to be over there.
0	4	0	7	I’ve also changed clothes because I couldn't find a better table than this bad boy.
0	4	0	7	So, I've got my basil, pesto (mint*), celosia, succulent, strawberries, and marigold.
0	4	0	7	Ace!
0	4	0	7	What do you thing you are doing bubba?
0	4	0	7	Touch my, my thing. :(
0	4	0	7	I don’t, I’m only a beginner gardener.
0	4	1	8	So, I actually don’t know what I'm really supposed to be doing outside of what I've been told, but!
0	4	0	8	I know I have these strawberries.
0	4	0	8	Lovely lady.
0	4	0	8	That needs to be repotted.
0	4	0	8	So, you choose a pot that's slightly bigger because you don't want them to feel overwhelmed...
0	4	0	8	like me. :D
0	4	0	8	So, I’ve got a few pots here we can use.
0	4	0	8	Never mind, there's a bunch of ants on it.
0	4	0	8	Okay, we can use the top one.
0	4	0	8	Top one is not a home.
0	4	0	8	Lovely.
0	4	0	8	This one, I believe, is slightly bigger.
0	4	0	8	Yes. Our whole pot can go in very nicely.
0	4	0	8	Hehe, Acey. <3
0	4	0	8	Ace: Hmm.
0	4	0	8	I’ve got my puppies out with me.
0	4	0	8	Ace: Hmmm.
0	4	0	8	Yes, we’re talking about you.
0	4	0	8	Good old, good old fashioned gardening.
0	4	0	8	That looks about enough.
0	4	0	8	That's about right, I think.
0	4	0	8	I actually have no idea if I'm doing this correctly.
0	4	0	8	I'm just going based off what I've been told over the last, what, six months I’ve been growing things.
0	4	0	8	So, all the best, hopefully.
0	4	1	9	Let’s get this baby out.
0	4	0	9	Yeah.
0	4	0	9	So, you can see all the roots have very much around the sides- and if i know anything probably means they need more room to grow.
0	4	0	9	So, let me get some of this soil.
0	4	0	9	We are just going to break up the roots a little bit.
0	4	0	9	I feel like I need to break them up slightly.
0	4	0	9	Just like shimmy it around.
0	4	0	9	Just so the roots feel a bit like more exposed and not compact.
0	4	0	9	I think that's how it's done.
0	4	0	9	I could be killing this plant and I feel horrible for doing that.
0	4	0	9	This is a strawberry plant.
0	4	0	9	I got her from my work...
0	4	0	9	which is shutting down, so, it was good opportunity.
0	4	0	9	Fill up around it, I think.
0	4	0	9	Would make sense, there's no dirt there, ‘cause it was in a smaller pot.
0	4	0	9	Hello bubba!
0	4	0	9	I’m replanting.
0	4	0	9	This is Lady., she's our little angry, beautiful baby.
0	4	0	9	Now that we’ve got it in, so, we (can) make it a little bit more compact, but we still want it to be airy because we want water to go through.
0	4	0	9	This is why I did it today, before I watered them and everything and it's not rainy.
0	4	0	9	I can water them now.
0	4	0	9	Now, all the soil would go- I don't know how it works, but you’re supposed to water them afterwards.
0	4	0	9	I guess so the soil sort of melds.
0	4	0	9	I think that's right.
0	4	0	9	Anyway, oop, it's slightly off center.
0	4	0	9	That's okay.
0	4	0	9	But, that one is our strawberry plant repotted.
0	4	1	10	Okay, and now I'm going to do the rest of these ones.
0	4	0	10	As you'll see shortly.
0	4	0	10	So, I've been informed.
0	4	0	10	I have to separate all these little boys.
0	4	0	10	How many we got?
0	4	0	10	One, two, three, four, five, six- twenty-one, twenty-two, twenty-three, twenty-four?!
0	4	0	10	That can't be right.
0	4	0	10	I don't believe that for a second.
0	4	0	10	Maybe- it looks like that bunch in the back over here, next to the- oh- yeah, over there.
0	4	0	10	That might be one.
0	4	0	10	This is definitely six, though, which is nice.
0	4	0	10	Unless it’s not six, is that three?
0	4	0	10	I don't know, but I’ve got to separate all of them?!
0	4	1	11	God damn, I'm going to have a little farm, but it's sort of okay, ‘cause I got all these little pots, but do I need smaller pots?
0	4	0	11	I don’t know if I have smaller pots.
0	4	0	11	These are like the smallest pots I have.
0	4	0	11	We’re going to see my little Lady.
0	4	0	11	Hello, Lady.
0	4	0	11	The smallest pots- yeah, and that- like, compared to that you can see they’re quite small.
0	4	0	11	My tomato could fit in one of these.
0	4	0	11	Let me get one out.
0	4	0	11	Okay.
0	4	0	11	This is (not) going to work.
0	4	0	11	Look at it!
0	4	0	11	It’s so tiny.
0	4	0	11	It’s a little baby.
0	4	0	11	<3 I don’t know, I feel like it's too big.
0	4	0	11	Mint I can probably just put in- ooh, is that too big as well?
0	4	0	11	Slightly bigger, but I think we need even bigger than that.
0	4	0	11	So, I need to go one up for the mint.
0	4	0	11	We have repotted our mint from this one to this one, And my baby fell over.
0	4	1	12	Why?
0	4	0	12	After you finish repotting you got to water them.
0	4	0	12	There you go.
0	4	0	12	Now, they probably feel better because the sun is pretty hot today.
0	4	0	12	These one has got all these brown spots, I hope it's not that black spot thing I had on my rose plant.
0	4	0	12	I don't know.
0	4	0	12	Maybe I need to go in deeper as well.
0	4	1	13	Okay.
0	4	0	13	It's half an hour later.
0	4	0	13	So, I don't have to separate them or the individual little stalks if they’re too close together.
0	4	0	13	But I still got to separate the majority of them.
0	4	0	13	Not sure how this one's going to go.
0	4	0	13	I'm going to do my best.
0	4	0	13	This one I don't need to repot I’ve learned.
0	4	1	14	However, I did some emergency restoration for this baby.
0	4	0	14	I’ll try and find a picture of him somewhere, but see its base, it's a little bit covered up.
0	4	0	14	I don't know if I did this properly, but he wasn't happy.
0	4	0	14	He was leaning all the way onto one side in this clay pot.
0	4	0	14	So, this is probably my brothers or someone’s, but the problem is they never repotted him or otherwise.
0	4	0	14	Why is that a problem?
0	4	0	14	Because there was silicone (styrofoam*) that it had wrapped all of its roots around.
0	4	0	14	The roots were very strong, so I’m surprised it’s even alive, but it had a baby as well, which I've just tried to put in there, but I don't think I'll live.
0	4	0	14	Look at all this stuff.
0	4	0	14	It was just all clawing around.
0	4	0	14	So, I just did a full out get rid of all the dirt, basically.
0	4	0	14	And I threw him in here and hopefully he’ll live.
0	4	0	14	Side note, you can see how much it covered it.
0	4	0	14	Literally half of the thing was just silicon (styrofoam*) on the bottom.
0	4	0	14	-apart like this.
0	4	0	14	They’re very easy to.
0	4	1	15	So, they haven't- well it’s a low pot, so, I don't expect the roots to be very strong but they're flowering so beautifully, which is amazing.
0	4	0	15	Yay. You can see all six of them and then I'm going to make them all perfect.
0	4	0	15	With the click of my fingers, in a second.
0	4	0	15	There’s that and then with my thing.
0	4	0	15	Omae mou shindeiru- Ta-dah!
0	4	0	15	Okay, so that’s all done.
0	4	0	15	I made a wet- mess- a weste.
0	4	0	15	I watered them because they're very delicate, because their roots are really small.
0	4	1	16	This one, we're going to have to watch keeps falling over.
0	4	0	16	I don't know if I didn't plant it deep enough, I’ll get some consensus, but it looks so lovely.
0	4	1	17	Now, to do the exact same to this one, which I'm not looking to.
0	4	0	17	So, I will do that.
0	4	0	17	I'll just give it a good ol’ shot.
0	4	1	18	This one doesn't spread like the mint through the ground, so, it should be fine.
0	4	0	18	Look at that.
0	4	0	18	Oh my gosh.
0	4	0	18	This poor baby.
0	4	0	18	I don’t have a trowel though.
0	4	0	18	Hopefully, I’m able to just- I don't even know.
0	4	0	18	It's so full.
0	4	0	18	Maybe I’ll just try and rip it apart.
0	4	0	18	Plus they’re overwhelmed so.
0	4	0	18	Look at that.
0	4	0	18	That's clearly too much.
0	4	1	19	You can see all of them now, and, all of this is going to be completed as well.
0	4	0	19	There’s also a chicken.
0	4	0	19	Just prelu- pr-prowling? Pre-luing?
0	4	0	19	Prowsing, the overgrown garden space.
0	4	1	20	[Humming *Jaws* theme] Look at all this soil we’ve used, you’ve got to go in.
0	4	0	20	That's like, there we go, half the bucket maybe?
0	4	0	20	Maybe?
0	4	0	20	Look at it, god damn.
1	5	1	21	Hi! I hope you enjoyed the video.
0	5	0	21	I was hoping to have the plants in a place before I filmed the conclusion, but I can't find anywhere, but I do have an update on what they look like, and they're all thriving really well.
0	5	0	21	As you can see.
0	5	0	21	Well, the basil is fine if looking a bit unwatered, which is my fault because it keeps raining and then not raining.
0	5	0	21	The celosias are good.
0	5	0	21	One of them's fallen over, and the mint is just minting.
0	5	0	21	So, I'm glad that repotting them hasn't killed any of them.
0	5	1	22	Anyway, thank you so much for watching.
0	5	0	22	I hope you enjoyed my first video, I suppose, and if you did like it, feel free to give it a like, a thumbs up, and subscribe.
0	5	0	22	Thank you.
0	5	0	22	Bye.
0	5	0	22	See you next time.