boundary-coarse	segment-coarse	boundary-fine	segment-fine	sentence
1	1	1	1	Day 1 Today is the day of my long-awaited cruise trip.
0	1	0	1	This time I will be on board the Royal Caribbean's Anthem of the Seas.
0	1	0	1	It will depart from Singapore's Marina Bay Cruise Center and head for Penang, Malaysia, on a 3night 4days cruise.
0	1	0	1	I'm so exited...!
1	2	1	2	When you arrive at the port, you will leave large luggage such as suitcases before check-in.
0	2	0	2	Your luggage will be carried to the front of your room later.
0	2	0	2	You can bring a carry-on case on your own.
0	2	1	3	I waited for while after checked in You can specify your check-in time up to 45 days before your trip, so I recommend you to specify your check-in time early.
0	2	0	3	The earlier you arrive, you can spend on the ship more.
0	2	0	3	I didn't research it properly.
0	2	0	3	So I realized a week before the trip.
0	2	0	3	That's why my check in time was at 12:00.
0	2	0	3	I checked in at the port at 12:00 and boarded the ship around 1:00 pm.
0	2	0	3	Before boarding the ship, I handed my passport to the staff here.
0	2	0	3	The passport was returned before disembarking in Penang on the second day.
1	3	1	4	Let's on board the ship!
0	3	0	4	First, we took an emergency lecture at a designated location.
0	3	0	4	The ceiling is high and spacious...
0	3	0	4	I can't believe this is inside a ship!
0	3	0	4	After that, we headed to the kids space called Adventure Ocean to register.
0	3	0	4	My son hasn't taken off his diaper yet, so the staff told us the playroom is different from his sister we didn't use it this time.
0	3	0	4	still have to wait until the room is ready.
0	3	0	4	I have time to look around the ship.
0	3	0	4	I'm gladthe rain has stopped!
0	3	0	4	This is kids area.
0	3	0	4	There is also an indoor pool.
0	3	0	4	It was nice to be able to use the pool even when it was raining or sunny and too hot.
0	3	1	5	The room is ready!
0	3	0	5	This time I will be staying in a room with a balcony on the 11th floor.
0	3	0	5	This room key has become necessary in many situations such as renting a towel at pool or buying drink wow!
0	3	0	5	There are 1 bed and 1 sofa bed, spacious enough for 2 adults and 2 children (3 and 5 years old) Nice!
0	3	0	5	Looking down from the balcony, the scenery is like this: There are a pot and two cups, a small refrigerator, and these 4 bottles of water are free (from after these 4 bottles, you have to pay).
0	3	0	5	There are child's bands on the bed.
0	3	0	5	These are essential.
0	3	0	5	The closet has enough hangers for a family of four.
0	3	0	5	There were another closet, and there is a security box inside.
0	3	0	5	Let's have a look the bathroom.
0	3	0	5	There was a soap but no toothbrush, so be sure to bring your own.
0	3	0	5	There is also body soap in the shower room.
1	4	1	6	After put our luggage, we went to the pool.
0	4	0	6	My kids enjoyed a lot at kids area rolling...
0	4	0	6	After playing a lot, we went to have dinner We made a reservation for dinner from 5:00pm.
0	4	0	6	Where is our table...?
0	4	0	6	nice view!
0	4	0	6	I'm so happy Thank you ♥️
0	4	0	6	The adult menu is like this the appetizers, main dishes, and desserts change every day.
0	4	0	6	The kids menu has 2 appetizers and desserts, and about 3 choices for the main, and the menu was the same for all 3 days of the trip.
0	4	0	6	The same person was in charge of our table throughout the cruise.
0	4	1	7	You can watch a show every night on the cruise.
0	4	0	7	This day's show was about hero my kids were very interested.
0	4	0	7	After the show, we took a walk on the rooftop Royal Caribbean has animals on the each ships.
0	4	0	7	There were pandas on the ship.
0	4	0	7	you can do skydiving Also surfing too.
0	4	0	7	He's a bit scared because we can see the bottom.
0	4	0	7	Until when will he hold my hand like this?
0	4	1	8	Breakfast was at the same venue as last night But there are no fixed seats in the morning.
0	4	0	8	I like buffet as well but that day we decided to come here.
0	4	0	8	After the breakfast, went to pool we passed another company's cruise ship.
0	4	0	8	I want to ride another cruise ship someday.
1	5	1	9	We arrive at Penang.
0	5	0	9	The ship will be anchored from 3:00pm to 11:00pm.
0	5	0	9	Thus time, we were just relax on the ship.
0	5	0	9	After exercising at pool, went to restaurant I felt like I just keep eating...
0	5	0	9	After taking a rest in my room, we walked around the ship before dinner.
0	5	0	9	My daughter told me that there was a beautiful sunset through the screen, it's not so nice but it was very beautiful.
0	5	0	9	My son believes the door will open if he say "open sesame"😂♡
0	5	1	10	robots will make a cocktail for you we went to Wonderland to have dinner.
0	5	0	10	There were a lot of exciting features not only for children but also for adults.
0	5	0	10	We had good time.
0	5	0	10	If you wet your brush with water and trace paper, the menu will come out.
0	5	0	10	In the end, we couldn't decide which one to go for, so we ordered the waiter's recommendation.
0	5	0	10	There's also a kids menu Friendly staff ^^
0	5	1	11	Today's show is magic.
0	5	0	11	She was scary, but can't take her eyes off returned to my room, the cleaner had made a rabbit by a towel.
1	6	1	12	Unfortunately, it rained on the Unfortunately it was rain on the third day.
0	6	0	12	We went to buffet for this morning's breakfast we met the waiter who was in charge of dinner yesterday.
0	6	0	12	He made a flower bracelets from napkin.
0	6	0	12	She looks happy.
0	6	1	13	After breakfast, we participated in the kids activities.
0	6	0	13	Do decorate cupcakes.
0	6	0	13	First, they made roses and frogs for decoration Focusing...
0	6	0	13	You made nice one!
0	6	1	14	lunch at the stern of the ship, which was a comfortable place with a sense of openness.
0	6	1	15	Last dinner.
0	6	0	15	After dinner, we watched the last show and packed luggage.
0	6	1	16	If you take your luggage out in front of your room by the designated time, you won't have to carry it yourself the next morning.
0	6	0	16	On the last day, there were a lot of people in the elevator, so I recommend to prepare your luggage before the checked out day.
1	7	1	17	Day 4 Time flies!
0	7	0	17	Disembarkation was very smooth and we left our room before 8am and took a taxi from the port around 8:30.
0	7	1	18	Traveling with children can be tiring just transport, but on a cruise you can enjoy a variety of shows and activities while you're on the traveling and when you get tired, you can take a quick break in your room.
0	7	0	18	It was really good.