boundary-coarse	segment-coarse	boundary-fine	segment-fine	sentence
1	1	1	1	Good Morning John, There have been a bunch of times over the last few weeks when this has become more and more real, this is the big one though.
1	2	1	2	So, I noticed that my lymph nodes were big.
0	2	0	2	I talked to my doctor, she said it was probably nothing, we’ll send you in for an ultrasound.
0	2	0	2	Got an ultrasound.
0	2	0	2	The tech in the ultrasound room was like, I’m gonna go get a doctor.
0	2	0	2	(laughs) That’s not what you want to have happen.
0	2	0	2	Um, she was great, the tech and so was the doctor.
0	2	0	2	And they were like, this looks like it could be suspicious uhh, for lymphoma and we’ll get you in for a biopsy.
0	2	1	3	And then I took the order for the surgery and like the paperwork down to the surgery office and I like gave it to the woman in the window And she’s like ooh!
0	2	0	3	Hand delivery!
0	2	0	3	And I was like, well yeah, the surgery’s tomorrow.
0	2	0	3	And she’s like oh, procrastinator.
0	2	0	3	And I was like, well no, it just got scheduled just now.
0	2	0	3	And then like, foonk.
0	2	0	3	Her eyes changed.
0	2	1	4	It’s like, when you’re in the  American Health Care System.
0	2	0	4	You don’t expect things to move quick Like, that’s not what it, that’s not what it does That’s not what it looks like.
0	2	0	4	And when it starts to get a little bit efficient It’s actually quite disconcerting.
0	2	0	4	I’ve seen that so many times and it doesn’t look like that!
0	2	0	4	What’s happening right now.
0	2	0	4	It’s like seeing a horse that has hands.
0	2	0	4	It’s just not.
0	2	0	4	That’s very upsetting.
0	2	0	4	Like, its good, I’m glad everybody's  taking things seriously right now.
0	2	1	5	So her eyes change, and it’s like seeing a flight attendant on a plane that’s in the air running down the aisle.
0	2	0	5	Like, that can’t be good.
0	2	0	5	Either somebody or everybody’s  having a very bad day.
0	2	0	5	Cause I don’t know all the noises a plane makes.
0	2	0	5	And I don't know all the ways the healthcare system works.
0	2	0	5	But you do!
0	2	0	5	Diagnosis And you look like something is weird.
0	2	0	5	I already knew it was weird though.
1	3	1	6	Everybody has been great and very supportive, but biopsy, uh, good news bad news.
0	3	0	6	One it’s cancer, it’s called lymphoma.
0	3	0	6	It’s a cancer of the lymphatic system.
0	3	0	6	And good news, is it’s something called Hodgkin's lymphoma.
0	3	0	6	It’s the most treatable– like one of the most treatable cancers.
0	3	0	6	It responds very well to treatment.
0	3	0	6	The goal is cure.
0	3	0	6	The procedure to get there is fairly well known if unpleasant.
0	3	1	7	I have a friend.
0	3	0	7	Amazingly enough, who has been through a diagnosis and treatment, and remission and is ten years post with Hodgkin's Lymphoma.
0	3	0	7	It’s been really nice to  have that in my back pocket.
0	3	0	7	For texting and being like, is this normal?
0	3	0	7	And, am I panicking?
0	3	0	7	And, please tell me I’m gonna be ok.
0	3	1	8	But the treatment is fairly well established Like, system of chemotherapies.
0	3	0	8	Which I’m gonna start very soon.
0	3	0	8	Um, not looking forward to it, I’m looking forward to starting on the path.
0	3	1	9	Yeah, prognosis is very good for people with Hodgkin’s Lymphoma.
0	3	0	9	It seems likely that we caught mine early.
0	3	0	9	I’m still waiting on a scan  to sort of confirm that.
0	3	0	9	But even when it’s not super early.
0	3	0	9	Even when it's in multiple parts of the body.
0	3	0	9	Hodgkins is super treatable  like solid mass tumors.
0	3	0	9	Like lung cancer, prostate cancer.
0	3	1	10	To figure out how to live somewhere else in the body is like a really big leap for them.
0	3	0	10	It means that they’ve changed and they’ve evolved and they’ve got like a bunch of new strategies for survival which is why metastasis in solid cancers is a really big deal.
0	3	0	10	This is a blood cancer so it’s a cancer of the immune cells– the lymphocytes and so they are already all over the body.
0	3	0	10	Other parts of the body are like hey-yo.
0	3	0	10	You’re fine here.
0	3	0	10	Whereas like, prostate cells in the lungs would normally get attacked.
0	3	0	10	And so prostate cancer cells in the lungs Means that they’ve developed a whole set of new strategies.
0	3	0	10	Lymphoma cells don't have to do that so it doesn’t mean something super bad if lymphoma cells have spread.
0	3	0	10	It’s worse, for clarity.
0	3	0	10	But it’s not the same giant gap between like stage 1 and stage 4 with lymphoma as it is with solid mass tumors.
0	3	1	11	Risk factors Anyway, I have a bunch of risk factors for lymphoma including medications I’ve taken, including the fact that I have an autoimmune disease, including the fact that I  had mono when I was a kid.
0	3	0	11	All of these are risk factors.
0	3	0	11	So it was something that I was looking out for and have been aware of.
0	3	0	11	I’m glad everyone took it seriously and we got a diagnosis pretty quick.
0	3	1	12	I said this to you already John.
0	3	0	12	I said, you know this is the best time, so far in human history to get lymphoma.
0	3	0	12	Which is a very Hank Green thought and then you gave me a very John Green though and you said– Well, a year from now would’ve been better.
0	3	0	12	So I’m gonna to talk about this in a weird way now and I don't’ want you to think that I’m not processing this in a deeper sort of more emotional way.
0	3	0	12	Or, with regards to my personal life.
0	3	0	12	It’s just that I really don’t wanna do that here right now.
0	3	0	12	Cause it’s very heavy to talk about the diagnosis from those perspectives.
0	3	0	12	But I do feel comfortable and ready to talk publicly about it in terms of my work whatever that is, which is important.
1	4	1	13	One of the things that I’ve noticed about this is that there are practicalities.
0	4	0	13	And this is also true of like any big unpleasantness in a life.
0	4	0	13	That there's like logistics to take care of.
0	4	0	13	And so I’ve been dealing with a lot of logistics.
0	4	0	13	Like, who do you tell, how do you tell em.
0	4	0	13	What are we going to do about different things that I'm working on.
0	4	0	13	So I’ve talked to a few friends who have been through various different cancers and cancer treatment and one of the things that they all said is this is your job now.
0	4	0	13	Do this one day at a time.
0	4	0	13	Don’t have obligations.
0	4	0	13	You can have things that you can do if you want to that day.
0	4	0	13	And it’s good to have those things because depression and anxiety are a big part of this and I’m not a person who’s struggled a lot with that but I have seen first hand now how intricately linked those things can be.
0	4	0	13	And the call of just lay in bed and feel bad umm, is very strong.
0	4	0	13	And even though I don’t feel bad at all right now except some soreness cause of the biopsy and maybe because my lymph nodes are big.
0	4	0	13	I don’t feel any symptoms of this.
0	4	0	13	I feel fine.
0	4	0	13	I don’t even really feel fatigued.
0	4	0	13	It’s hard to tell.
0	4	0	13	I feel stressed.
0	4	0	13	But the moment I start chemo, I’m gonna feel a lot of symptoms from that.
0	4	0	13	And that’s gonna be like… just dealing with that is gonna be a lot.
0	4	0	13	And you’re not gonna be good at stuff.
0	4	0	13	You're not gonna be good at stuff.
0	4	0	13	Like, don’t expect to do your life.
0	4	1	14	So basically what that means is like, what am I gonna make?
0	4	0	14	I don’t know.
0	4	0	14	Am I gonna make Vlogbrothers videos, am I gonna make Dear Hank and John, am I gonna make SciShow, am I gonna make Tangents.
0	4	0	14	I don’t know, I don’t know, I don’t know, I don’t know.
0	4	0	14	Playing by ear.
0	4	0	14	I know that I’m gonna feel like garbage.
0	4	0	14	Like, it’s gonna be really unpleasant.
0	4	0	14	4
0	4	0	14	And that’s, that’s how it works.
0	4	0	14	And it works well, but like, you–you’ve gotta put a lot of poison in you.
0	4	1	15	One of the lovely things about my experience of my colleagues and this community.
0	4	0	15	Nobody’s gonna expect me to do anything.
0	4	0	15	Nobody’s gonna be expecting things from me.
0	4	0	15	Now, I do operate off of obligation and so I do want some reasons to get outta bed.
0	4	0	15	And I’m gonna try to set some of those up for me.
0	4	0	15	But I’m much more worried about me putting too much pressure on me to do things or worry about things.
0	4	0	15	So that’s gonna be something that I have to get better at.
1	5	1	16	My worries You can see this probably more in my actions than my words, but I’m a very driven person and I take obligations, like I hold them very seriously, and they weigh on me a lot.
0	5	0	16	And causes a lot of stress when there’s like space between what I feel I should get done and what I feel capable of, what I am capable of what I’m doing.
0	5	0	16	So that’s one of my big worries.
0	5	0	16	I’m just saying it outloud for myself mostly.
0	5	0	16	But also to say.
0	5	0	16	I hope you are down with me making stuff when I feel like it cause I love it.
0	5	0	16	And like, I need to be doing things when I feel up for it.
0	5	0	16	And also, I know that you’ll be fine with me taking breaks.
0	5	0	16	And you know, I don-like, you know.
0	5	0	16	I have no idea.
0	5	0	16	It’s not gonna be less than four months of chemo.
0	5	1	17	Another thing I’m worried about that’s not a big deal, and I know it’s silly, but I’m wrestling with the reality that this is now part of how people are gonna imagine me.
0	5	0	17	Um… it’s like uh, an identity that I’m having thrust upon me, which happens to people all the time.
0	5	0	17	And is totally a thing that I will get over, but I do like, I do just  kinda wanna say it outloud.
0	5	0	17	That I wanna be fun, goofy science guy.
0	5	0	17	Not like, struggling with  anxiety cancer guy. (laughs)
0	5	0	17	And like, you know… you can be both.
0	5	0	17	And so I think I just have to let that go.
0	5	0	17	Cause it’s just one more thing that I’m not in control of which is a lot of things.
0	5	0	17	Like there are things that you have absolute control over–very few.
0	5	0	17	And then there’s like a spectrum all the way to you have no control.
0	5	0	17	But now there’s this spectrum of things I have no control over.
0	5	0	17	And I’m struggling with that.
0	5	0	17	That’s hard.
0	5	0	17	That’s like a thing to grieve.
0	5	1	18	And my last lesson since I have you there is all of the time I have ever spent investing in friendships and even when they have been hard to try and keep them strong.
0	5	0	18	And even when I have been busy to try and spend time with them has been joyful in the moment and wise in the long term.
0	5	0	18	I’ve really needed friends in the last few weeks, and I’ve been very lucky to have them.
0	5	0	18	I’ve been very lucky to have great friends and family around to joke with and to hang with and to support me and to give me the good vibes.
1	6	1	19	My requests And now, I have requests if you can believe it.
0	6	0	19	My requests are, one, I do not need health care advice.
0	6	0	19	I’m being very well taken care of.
0	6	0	19	And there are a lot of different ways and a lot of different things that are very helpful to a lot of different people.
0	6	0	19	I have that in people suggesting things to me in my world of friends and acquaintances.
0	6	0	19	This is too big of a group for that.
0	6	0	19	I think I would be overwhelmed.
0	6	0	19	And more broadly more non-mainstream ways to deal with cancer and to fight cancer itself.
0	6	0	19	I’m not– I find that to of course be well meaning, but uh, confusing and distracting, and uh, not for me.
0	6	1	20	Second, I’m not really a like, let’s fight this thing together kind of guy.
0	6	0	20	I think that the prognosis for illness is mostly down to good science, good healthcare, good outlook, good attitude, and like, chance.
0	6	0	20	Like it’s too much of it, much more of it than we would like to think comes down to chance.
0	6	0	20	And I just feel very grateful to all of the people who have spent their careers studying disease and cancer, and lymphoma and Hodgkins’s specifically.
0	6	0	20	Which, if you could believe this, was originally thought to be a form of tuberculosis when it was first discovered in the early 1900’s.
0	6	0	20	It’s not!
0	6	0	20	But they thought it was.
0	6	0	20	So it all comes back everything is tuberculosis John.
0	6	0	20	All of this is to say, I don't need there to be a big thing about it.
0	6	0	20	I just want y’all to know where I’m at.
0	6	0	20	And what’s going on.
0	6	1	21	Now at the same time, I do understand that people are gonna wanna do something.
0	6	0	21	And I have requests.
0	6	0	21	I do have things that I would like from you.
0	6	0	21	Here are two things that you can do.
0	6	0	21	First, if you haven’t, you can sign up for our newsletter.
0	6	0	21	I think, knowing me, I’m going to still find joy in creating and communicating with people if I can.
0	6	0	21	And the easiest lowest lift way of doing that is probably going to be writing something down, and putting it in a newsletter.
0	6	0	21	And so if I still want that, but I’m not feeling up to making videos and podcasts.
0	6	0	21	That would be a nice thing to be able to have.
0	6	0	21	So you can sign up for that, it’s the top thing in the description.
0	6	0	21	And I'd appreciate that.
0	6	0	22	Second, if you can give me ideas for movies and TV shows and video games that are not heavy at all.
0	6	0	22	Like, no emotion.
0	6	0	22	I go watch the Dungeons and Dragons movie cause I think that’s gonna be a fun time.
0	6	0	22	And not all of the themes were restful for me.
0	6	0	22	I have to say.
0	6	0	22	So really dumb things that will not make you cry.
0	6	0	22	Could not make anyone cry.
0	6	0	22	Cause I’ve been told that I’m gonna have some time to consume media.
0	6	0	22	And I desperately need to be distracted.
0	6	1	23	As you can tell, I’m fine, but I’m not fine.
0	6	0	23	And, it sucks.
0	6	0	23	Like I know that this sucks most for me, but I also know that it sucks for everybody, uh, in this community.
0	6	0	23	So, I feel like apologizing but that would be stupid.
0	6	0	23	So I’m not going to.
0	6	0	23	But I think you know what I mean.
0	6	0	23	I just want to recognize that it sucks.
1	7	1	24	So thanks I hope this isn’t my last Vlogbrothers video for four months or whatever.
0	7	0	24	If it is, it is.
0	7	0	24	I dont’ wanna put pressure on me.
0	7	0	24	John will probably take some time off because it’s probably a little weird to post just him on the channel.
0	7	0	24	But we’ll play it by ear.
0	7	0	24	We’ll figure it out as we go.
0	7	0	24	One day at a time.
0	7	0	24	And I continue to be extraordinarily grateful for so many things  in my life including this.
0	7	0	24	And John, I’ll see you on Tuesday.